Date,Price,Open,High,Low,Vol.,Change %
2014-03-28,558.46,559.66,564.88,557.14,41.12K,0.27%
2014-03-31,555.45,565.34,565.45,555.41,10.80K,-0.54%
2014-04-01,565.61,557.18,566.89,557.18,7.95K,1.83%
2014-04-02,565.45,598.35,603.17,560.65,147.10K,-0.03%
2014-04-03,568.18,568.29,585.67,562.59,5.10M,0.48%
2014-04-04,541.65,573.08,576.19,541.51,6.40M,-4.67%
2014-04-07,536.68,539.26,546.98,525.71,4.40M,-0.92%
2014-04-08,553.38,541.11,553.48,540.13,3.16M,3.11%
2014-04-09,562.60,558.09,563.82,551.44,3.33M,1.67%
2014-04-10,539.47,563.45,563.45,538.42,4.04M,-4.11%
2014-04-11,529.15,531.09,538.52,525.09,3.93M,-1.91%
2014-04-14,531.06,536.78,542.61,528.11,2.58M,0.36%
2014-04-15,534.97,535.35,536.98,517.04,3.86M,0.74%
2014-04-16,555.02,541.51,555.47,538.52,4.89M,3.75%
2014-04-17,534.63,547.31,548.00,529.70,6.81M,-3.67%
2014-04-21,527.17,534.63,535.23,524.16,2.57M,-1.40%
2014-04-22,533.35,527.19,535.76,526.07,2.37M,1.17%
2014-04-23,525.50,532.33,532.41,524.81,2.06M,-1.47%
2014-04-24,523.72,528.62,530.19,520.69,1.89M,-0.34%
2014-04-25,514.77,521.08,523.26,514.01,2.10M,-1.71%
2014-04-28,515.73,515.76,517.18,501.42,3.34M,0.19%
2014-04-29,526.26,515.48,528.01,514.91,2.70M,2.04%
2014-04-30,525.22,526.16,526.55,521.09,1.75M,-0.20%
2014-05-01,529.90,525.67,531.47,522.45,1.91M,0.89%
2014-05-02,526.48,532.30,532.54,524.17,1.69M,-0.65%
2014-05-05,526.36,523.38,527.45,519.89,1.02M,-0.02%
2014-05-06,513.73,523.79,525.37,513.65,1.69M,-2.40%
2014-05-07,508.56,514.38,515.27,501.92,3.22M,-1.01%
2014-05-08,509.60,507.07,515.81,505.06,2.02M,0.20%
2014-05-09,517.31,509.35,518.48,502.82,2.44M,1.51%
2014-05-12,528.47,522.08,528.74,517.59,1.91M,2.16%
2014-05-13,531.63,529.44,534.60,528.06,1.65M,0.60%
2014-05-14,525.21,531.54,531.54,523.85,1.20M,-1.21%
2014-05-15,518.56,524.26,524.43,516.00,1.71M,-1.27%
2014-05-16,519.20,519.96,520.37,514.03,1.49M,0.12%
2014-05-19,527.41,518.28,528.33,516.17,1.28M,1.58%
2014-05-20,528.32,528.29,534.76,524.86,1.79M,0.17%
2014-05-21,537.46,531.44,537.71,530.45,1.20M,1.73%
2014-05-22,543.57,539.65,546.10,539.30,1.62M,1.14%
2014-05-23,551.19,545.76,552.12,542.21,1.93M,1.40%
2014-05-27,564.40,554.48,564.45,552.83,2.11M,2.40%
2014-05-28,560.14,563.02,566.29,559.46,1.65M,-0.75%
2014-05-29,558.55,561.81,562.46,557.18,1.35M,-0.28%
2014-05-30,558.36,559.26,559.81,554.39,1.77M,-0.03%
2014-06-02,552.41,559.16,559.36,544.24,1.44M,-1.07%
2014-06-03,543.45,549.48,550.83,541.06,1.87M,-1.62%
2014-06-04,543.17,540.02,547.11,537.27,1.82M,-0.05%
2014-06-05,552.38,544.90,553.43,542.96,1.69M,1.70%
2014-06-06,554.81,556.53,556.53,547.43,1.74M,0.44%
2014-06-09,560.58,555.62,561.36,554.52,1.47M,1.04%
2014-06-10,559.02,558.98,562.06,556.37,1.35M,-0.28%
2014-06-11,557.31,556.47,558.35,553.50,1.10M,-0.31%
2014-06-12,549.84,555.77,556.46,546.96,1.46M,-1.34%
2014-06-13,550.25,550.75,550.79,544.07,1.22M,0.07%
2014-06-16,542.79,547.76,548.12,540.04,1.71M,-1.36%
2014-06-17,541.52,542.71,543.83,537.85,1.45M,-0.23%
2014-06-18,551.85,543.37,552.04,542.51,1.74M,1.91%
2014-06-19,553.38,552.72,553.48,547.01,2.46M,0.28%
2014-06-20,554.84,555.33,556.05,548.88,4.51M,0.26%
2014-06-23,563.40,553.63,563.45,552.73,1.54M,1.54%
2014-06-24,563.07,563.64,571.08,559.47,2.21M,-0.06%
2014-06-25,577.07,563.71,578.37,563.67,1.97M,2.49%
2014-06-26,574.42,579.41,580.86,570.28,1.74M,-0.46%
2014-06-27,575.66,575.60,578.28,572.23,2.24M,0.22%
2014-06-30,573.70,577.08,577.98,573.18,1.31M,-0.34%
2014-07-01,581.07,576.74,582.80,575.07,1.45M,1.28%
2014-07-02,580.74,581.75,583.84,578.80,1.06M,-0.06%
2014-07-03,583.13,581.75,583.41,579.33,714.17K,0.41%
2014-07-07,580.66,582.16,584.82,578.00,1.06M,-0.42%
2014-07-08,569.53,576.08,577.94,564.58,1.91M,-1.92%
2014-07-09,574.50,570.02,575.14,567.82,1.12M,0.87%
2014-07-10,569.54,564.36,575.01,563.46,1.36M,-0.86%
2014-07-11,577.59,570.34,579.26,569.86,1.62M,1.41%
2014-07-14,583.27,581.00,583.61,576.45,1.86M,0.98%
2014-07-15,583.18,584.14,584.20,574.98,1.62M,-0.02%
2014-07-16,581.06,586.39,586.79,580.61,1.40M,-0.36%
2014-07-17,572.16,577.94,579.40,567.05,3.02M,-1.53%
2014-07-18,593.45,591.38,595.17,580.41,4.02M,3.72%
2014-07-21,587.86,590.13,592.77,583.63,2.07M,-0.94%
2014-07-22,593.11,589.10,598.01,588.98,1.70M,0.89%
2014-07-23,594.35,591.61,596.21,590.88,1.23M,0.21%
2014-07-24,591.73,594.82,597.86,590.15,1.04M,-0.44%
2014-07-25,587.41,588.78,590.24,585.42,935.29K,-0.73%
2014-07-28,588.98,586.46,590.88,583.15,986.86K,0.27%
2014-07-29,584.01,587.14,588.09,581.92,1.35M,-0.84%
2014-07-30,585.81,584.94,587.89,582.40,1.02M,0.31%
2014-07-31,570.03,579.01,582.05,568.44,2.11M,-2.69%
2014-08-01,564.52,568.84,574.38,561.31,1.96M,-0.97%
2014-08-04,571.58,567.48,573.77,562.56,1.43M,1.25%
2014-08-05,563.52,568.49,570.41,561.07,1.56M,-1.41%
2014-08-06,564.82,560.24,569.14,558.47,1.33M,0.23%
2014-08-07,561.82,566.44,568.33,559.56,1.11M,-0.53%
2014-08-08,567.21,562.02,568.69,558.82,1.50M,0.96%
2014-08-11,566.33,568.43,568.93,564.45,1.22M,-0.16%
2014-08-12,561.19,562.97,564.35,559.34,1.54M,-0.91%
2014-08-13,573.21,565.76,573.43,564.20,1.44M,2.14%
2014-08-14,573.08,574.60,576.32,569.32,985.63K,-0.02%
2014-08-15,571.91,576.28,577.79,568.96,1.52M,-0.20%
2014-08-18,580.57,574.53,582.91,574.42,1.29M,1.51%
2014-08-19,585.25,583.40,585.73,582.40,981.99K,0.81%
2014-08-20,582.89,584.28,585.09,580.97,1.04M,-0.40%
2014-08-21,581.77,582.22,582.90,579.55,915.36K,-0.19%
2014-08-22,580.96,581.99,583.63,579.05,791.65K,-0.14%
2014-08-25,578.61,583.12,583.40,577.41,1.36M,-0.40%
2014-08-26,576.28,579.67,580.21,575.00,1.64M,-0.40%
2014-08-27,569.44,575.69,576.91,568.54,1.70M,-1.19%
2014-08-28,567.64,568.00,571.68,565.55,1.30M,-0.32%
2014-08-29,570.03,569.77,570.47,565.52,1.08M,0.42%
2014-09-02,575.75,570.28,576.25,569.63,1.58M,1.00%
2014-09-03,576.36,578.41,581.39,573.43,1.22M,0.11%
2014-09-04,580.39,578.41,584.40,577.63,1.46M,0.70%
2014-09-05,584.48,582.38,584.94,580.36,1.63M,0.70%
2014-09-08,588.11,584.99,590.15,584.69,1.43M,0.62%
2014-09-09,579.42,587.29,587.39,578.41,1.29M,-1.48%
2014-09-10,581.50,579.91,581.90,575.36,977.82K,0.36%
2014-09-11,579.76,578.77,580.22,574.68,1.22M,-0.30%
2014-09-12,574.04,579.41,580.05,572.89,1.60M,-0.99%
2014-09-15,571.53,571.37,573.38,566.65,1.60M,-0.44%
2014-09-16,578.36,571.19,579.91,571.09,1.48M,1.20%
2014-09-17,583.17,578.42,585.91,577.19,1.70M,0.83%
2014-09-18,587.66,585.39,587.93,583.40,1.45M,0.77%
2014-09-19,594.45,589.88,594.85,587.89,3.74M,1.16%
2014-09-22,585.76,592.19,592.32,581.86,1.69M,-1.46%
2014-09-23,579.54,585.24,585.24,579.41,1.47M,-1.06%
2014-09-24,586.38,579.87,588.02,578.93,1.73M,1.18%
2014-09-25,573.49,585.94,586.37,572.61,1.93M,-2.20%
2014-09-26,575.52,574.48,577.66,573.09,1.44M,0.35%
2014-09-29,574.78,570.18,576.61,569.61,1.28M,-0.13%
2014-09-30,575.78,575.35,578.26,571.28,1.62M,0.17%
2014-10-01,566.71,574.43,576.00,565.46,1.45M,-1.58%
2014-10-02,568.52,565.76,570.34,561.78,1.18M,0.32%
2014-10-03,573.70,571.48,575.64,570.93,1.14M,0.91%
2014-10-06,575.77,577.22,579.41,572.87,1.21M,0.36%
2014-10-07,562.20,572.83,573.69,562.20,1.91M,-2.36%
2014-10-08,570.93,564.02,572.31,555.96,1.99M,1.55%
2014-10-09,559.34,569.62,569.93,557.53,2.53M,-2.03%
2014-10-10,543.00,556.19,563.58,542.56,3.09M,-2.92%
2014-10-13,531.75,543.50,548.00,531.64,2.59M,-2.07%
2014-10-14,536.47,537.42,545.69,531.71,2.22M,0.89%
2014-10-15,528.58,529.56,531.34,516.88,3.72M,-1.47%
2014-10-16,523.07,517.58,527.98,513.59,3.71M,-1.04%
2014-10-17,509.77,525.81,529.53,507.14,5.55M,-2.54%
2014-10-20,519.41,508.06,520.33,506.71,2.61M,1.89%
2014-10-21,525.10,523.75,525.35,517.69,2.34M,1.10%
2014-10-22,531.25,528.44,538.32,527.35,2.93M,1.17%
2014-10-23,542.49,537.84,545.72,534.38,2.35M,2.12%
2014-10-24,538.30,542.87,543.39,534.32,1.98M,-0.77%
2014-10-27,539.29,535.56,542.92,535.56,1.19M,0.18%
2014-10-28,547.40,541.51,547.48,540.14,1.28M,1.50%
2014-10-29,547.83,548.49,552.67,545.48,1.77M,0.08%
2014-10-30,548.80,547.45,551.29,542.02,1.46M,0.18%
2014-10-31,557.55,557.82,558.04,553.23,2.04M,1.59%
2014-11-03,553.70,553.98,556.37,551.72,1.38M,-0.69%
2014-11-04,552.59,551.49,553.98,547.80,1.24M,-0.20%
2014-11-05,544.43,555.28,555.28,542.56,2.03M,-1.48%
2014-11-06,540.56,544.01,545.39,539.49,1.33M,-0.71%
2014-11-07,539.53,544.71,544.71,537.20,1.63M,-0.19%
2014-11-10,545.99,539.98,548.09,539.54,1.13M,1.20%
2014-11-11,548.78,546.99,550.43,544.80,967.52K,0.51%
2014-11-12,545.81,548.88,548.95,543.68,1.13M,-0.54%
2014-11-13,543.89,548.29,548.29,541.99,1.34M,-0.35%
2014-11-14,542.91,545.18,545.18,540.67,1.29M,-0.18%
2014-11-17,535.04,542.09,542.30,532.60,1.73M,-1.45%
2014-11-18,533.57,536.03,540.46,532.71,1.96M,-0.27%
2014-11-19,535.52,533.54,536.77,528.63,1.39M,0.37%
2014-11-20,533.37,529.80,533.64,529.63,1.56M,-0.40%
2014-11-21,536.03,540.13,540.66,535.09,2.22M,0.50%
2014-11-24,537.79,536.18,541.21,534.15,1.71M,0.33%
2014-11-25,539.60,537.52,542.49,537.13,1.79M,0.34%
2014-11-26,538.89,539.40,540.07,535.57,1.52M,-0.13%
2014-11-28,540.35,539.14,540.52,535.13,1.15M,0.27%
2014-12-01,532.34,537.42,539.93,530.40,2.12M,-1.48%
2014-12-02,532.29,532.05,534.03,528.35,1.53M,-0.01%
2014-12-03,529.87,529.98,534.53,527.81,1.28M,-0.45%
2014-12-04,535.84,529.71,535.87,527.14,1.40M,1.13%
2014-12-05,523.82,529.55,531.43,522.84,2.57M,-2.24%
2014-12-08,525.54,525.69,529.55,522.36,2.33M,0.33%
2014-12-09,531.91,520.71,532.73,519.07,1.88M,1.21%
2014-12-10,524.62,531.62,534.86,524.12,1.72M,-1.37%
2014-12-11,526.89,526.35,532.46,525.66,1.62M,0.43%
2014-12-12,517.24,522.08,527.05,517.24,1.99M,-1.83%
2014-12-15,512.39,521.31,521.67,511.86,2.82M,-0.94%
2014-12-16,494.03,510.16,511.65,487.66,3.96M,-3.58%
2014-12-17,503.51,495.64,505.61,495.45,2.88M,1.92%
2014-12-18,509.70,511.55,512.46,503.32,2.93M,1.23%
2014-12-19,514.94,510.11,516.30,505.52,3.69M,1.03%
2014-12-22,523.43,514.67,525.02,514.67,2.73M,1.65%
2014-12-23,529.14,525.56,533.10,524.85,2.20M,1.09%
2014-12-24,527.32,529.06,530.30,525.58,705.97K,-0.34%
2014-12-26,532.57,527.32,532.79,525.87,1.04M,1.00%
2014-12-29,528.88,530.73,534.01,528.56,2.28M,-0.69%
2014-12-30,528.97,526.64,529.70,525.69,876.32K,0.02%
2014-12-31,524.96,529.80,531.14,524.36,1.38M,-0.76%
2015-01-02,523.37,527.56,529.82,522.67,1.45M,-0.30%
2015-01-05,512.46,521.83,522.89,511.66,2.06M,-2.08%
2015-01-06,500.59,513.59,514.76,499.68,2.90M,-2.32%
2015-01-07,499.73,505.61,505.86,498.28,2.07M,-0.17%
2015-01-08,501.30,496.63,502.10,489.66,3.35M,0.31%
2015-01-09,494.81,503.38,503.54,493.44,2.07M,-1.29%
2015-01-12,491.20,493.58,494.62,486.23,2.33M,-0.73%
2015-01-13,494.82,497.47,501.60,491.04,2.37M,0.74%
2015-01-14,499.50,493.30,501.85,491.65,2.24M,0.95%
2015-01-15,500.42,504.19,504.30,496.40,2.72M,0.18%
2015-01-16,506.69,498.64,506.80,498.63,2.30M,1.25%
2015-01-20,505.51,509.60,511.10,504.63,2.23M,-0.23%
2015-01-21,516.62,505.86,517.86,504.81,2.27M,2.20%
2015-01-22,532.93,520.05,534.86,518.28,2.68M,3.16%
2015-01-23,538.47,534.12,540.69,531.54,2.28M,1.04%
2015-01-26,533.74,537.06,537.52,528.22,1.54M,-0.88%
2015-01-27,517.21,528.52,529.25,516.77,1.90M,-3.10%
2015-01-28,508.60,521.35,521.56,508.60,1.68M,-1.66%
2015-01-29,509.26,509.60,509.69,499.83,4.19M,0.13%
2015-01-30,533.06,514.45,538.39,514.11,5.61M,4.67%
2015-02-02,527.03,530.27,531.54,517.13,2.85M,-1.13%
2015-02-03,527.79,526.55,531.94,521.83,2.04M,0.14%
2015-02-04,521.33,527.79,531.21,519.84,1.66M,-1.22%
2015-02-05,526.14,522.36,527.05,520.66,1.85M,0.92%
2015-02-06,529.55,526.20,535.73,524.97,1.76M,0.65%
2015-02-09,526.38,526.55,530.54,524.58,1.27M,-0.60%
2015-02-10,535.47,527.85,536.23,525.48,1.75M,1.73%
2015-02-11,534.50,533.83,536.98,531.92,1.38M,-0.18%
2015-02-12,541.44,535.78,543.33,533.21,1.62M,1.30%
2015-02-13,547.51,541.86,548.40,541.64,1.90M,1.12%
2015-02-17,541.35,545.33,548.49,539.61,1.62M,-1.13%
2015-02-18,538.22,539.92,544.00,536.04,1.45M,-0.58%
2015-02-19,541.38,536.57,541.62,536.54,990.19K,0.59%
2015-02-20,537.47,541.64,542.26,534.33,1.45M,-0.72%
2015-02-23,530.45,534.58,534.97,527.96,1.46M,-1.31%
2015-02-24,534.62,528.55,535.32,526.80,1.01M,0.79%
2015-02-25,542.38,534.43,544.72,533.98,1.83M,1.45%
2015-02-26,553.96,541.72,554.62,540.02,2.31M,2.14%
2015-02-27,556.87,552.72,563.16,551.39,2.41M,0.53%
2015-03-02,569.78,559.00,570.58,557.22,2.13M,2.32%
2015-03-03,572.07,568.89,573.81,564.97,1.70M,0.40%
2015-03-04,571.80,570.30,575.53,566.45,1.88M,-0.05%
2015-03-05,573.75,573.45,576.33,571.84,1.39M,0.34%
2015-03-06,566.13,573.31,575.10,565.21,1.66M,-1.33%
2015-03-09,567.29,565.31,568.71,561.99,1.06M,0.20%
2015-03-10,553.49,562.71,563.30,553.21,1.79M,-2.43%
2015-03-11,549.67,553.62,556.61,549.17,1.82M,-0.69%
2015-03-12,553.99,551.99,554.85,548.95,1.39M,0.79%
2015-03-13,545.82,551.98,556.87,542.73,1.70M,-1.47%
2015-03-16,552.99,549.44,555.33,544.51,1.64M,1.31%
2015-03-17,549.33,550.20,552.28,546.50,1.81M,-0.66%
2015-03-18,557.97,550.99,558.25,545.50,2.13M,1.57%
2015-03-19,556.46,557.86,559.26,554.62,1.20M,-0.27%
2015-03-20,558.83,560.11,560.18,557.52,2.62M,0.43%
2015-03-23,557.28,558.90,560.82,554.31,1.64M,-0.28%
2015-03-24,568.63,561.02,573.02,559.67,2.58M,2.04%
2015-03-25,557.26,568.94,570.69,557.21,2.15M,-2.00%
2015-03-26,553.65,556.06,557.37,549.14,1.57M,-0.65%
2015-03-27,546.84,551.49,553.76,546.63,1.90M,-1.23%
2015-03-30,550.52,550.11,551.95,546.67,1.29M,0.67%
2015-03-31,546.50,548.49,553.19,545.22,1.59M,-0.73%
2015-04-01,541.07,547.10,549.63,538.02,1.96M,-0.99%
2015-04-02,534.06,539.37,539.37,532.39,1.72M,-1.30%
2015-04-06,535.30,530.76,536.94,528.12,1.32M,0.23%
2015-04-07,535.55,536.61,541.20,534.53,1.30M,0.05%
2015-04-08,540.13,536.91,542.36,536.91,1.18M,0.86%
2015-04-09,539.30,539.55,540.47,534.02,1.56M,-0.15%
2015-04-10,538.53,540.81,540.81,535.84,1.41M,-0.14%
2015-04-13,537.69,536.94,542.57,535.84,1.65M,-0.16%
2015-04-14,528.94,534.78,536.10,526.65,2.60M,-1.63%
2015-04-15,531.07,527.25,533.27,521.79,2.32M,0.40%
2015-04-16,532.34,528.45,534.12,528.16,1.30M,0.24%
2015-04-17,522.62,527.21,528.39,519.58,2.15M,-1.83%
2015-04-20,533.91,524.16,534.62,523.06,1.68M,2.16%
2015-04-21,532.51,536.04,537.91,532.21,1.84M,-0.26%
2015-04-22,537.89,532.94,539.60,530.29,1.59M,1.01%
2015-04-23,545.50,539.52,549.45,538.75,4.18M,1.41%
2015-04-24,563.51,564.55,569.58,555.72,4.93M,3.30%
2015-04-27,555.37,563.39,565.95,553.20,2.40M,-1.44%
2015-04-28,553.68,554.64,556.02,550.37,1.49M,-0.30%
2015-04-29,549.08,550.47,553.68,546.90,1.70M,-0.83%
2015-04-30,537.34,547.87,548.59,535.05,2.08M,-2.14%
2015-05-01,537.90,538.43,539.54,532.10,1.77M,0.10%
2015-05-04,540.78,538.53,544.07,535.06,1.31M,0.54%
2015-05-05,530.80,538.21,539.74,530.39,1.38M,-1.85%
2015-05-06,524.22,531.24,532.38,521.09,1.57M,-1.24%
2015-05-07,530.70,523.99,533.46,521.75,1.55M,1.24%
2015-05-08,538.22,536.65,541.15,525.00,1.53M,1.42%
2015-05-11,535.70,538.37,541.98,535.40,905.29K,-0.47%
2015-05-12,529.04,531.60,533.21,525.26,1.63M,-1.24%
2015-05-13,529.62,530.56,534.32,528.65,1.25M,0.11%
2015-05-14,538.40,533.77,539.00,532.41,1.40M,1.66%
2015-05-15,533.85,539.18,539.27,530.38,1.97M,-0.85%
2015-05-18,532.30,532.01,534.82,528.85,2.00M,-0.29%
2015-05-19,537.36,533.98,540.66,533.04,1.97M,0.95%
2015-05-20,539.27,538.49,542.92,532.97,1.43M,0.36%
2015-05-21,542.51,537.95,543.84,535.98,1.46M,0.60%
2015-05-22,540.11,540.15,544.19,539.51,1.18M,-0.44%
2015-05-26,532.32,538.12,539.00,529.88,2.41M,-1.44%
2015-05-27,539.79,532.80,540.55,531.71,1.53M,1.40%
2015-05-28,539.78,538.01,540.61,536.25,1.03M,0.00%
2015-05-29,532.11,537.37,538.63,531.45,2.60M,-1.42%
2015-06-01,533.99,536.79,536.79,529.76,1.90M,0.35%
2015-06-02,539.18,532.93,543.00,531.33,1.94M,0.97%
2015-06-03,540.31,539.91,543.50,537.11,1.72M,0.21%
2015-06-04,536.70,537.76,540.59,534.32,1.35M,-0.67%
2015-06-05,533.33,536.35,537.20,532.52,1.39M,-0.63%
2015-06-08,526.83,533.31,534.12,526.24,1.52M,-1.22%
2015-06-09,526.69,527.56,529.20,523.01,1.46M,-0.03%
2015-06-10,536.69,529.36,538.36,529.35,1.81M,1.90%
2015-06-11,534.61,538.42,538.98,533.02,1.22M,-0.39%
2015-06-12,532.33,531.60,533.12,530.16,955.79K,-0.43%
2015-06-15,527.20,528.00,528.30,524.00,1.63M,-0.96%
2015-06-16,528.15,528.40,529.64,525.56,1.07M,0.18%
2015-06-17,529.26,529.37,530.98,525.10,1.29M,0.21%
2015-06-18,536.73,531.00,538.15,530.79,1.83M,1.41%
2015-06-19,536.69,537.21,538.25,533.01,1.89M,-0.01%
2015-06-22,538.19,539.59,543.74,537.53,1.25M,0.28%
2015-06-23,540.48,539.64,541.50,535.25,1.20M,0.43%
2015-06-24,537.84,540.00,540.00,535.66,1.29M,-0.49%
2015-06-25,535.23,538.87,540.90,535.23,1.34M,-0.49%
2015-06-26,531.69,537.26,537.76,531.35,2.11M,-0.66%
2015-06-29,521.52,525.01,528.61,520.54,1.94M,-1.91%
2015-06-30,520.51,526.02,526.25,520.50,2.24M,-0.19%
2015-07-01,521.84,524.73,525.69,518.23,1.96M,0.26%
2015-07-02,523.40,521.08,524.65,521.08,1.24M,0.30%
2015-07-06,522.86,519.50,525.25,519.00,1.28M,-0.10%
2015-07-07,525.02,523.13,526.18,515.18,1.60M,0.41%
2015-07-08,516.83,521.05,522.73,516.11,1.30M,-1.56%
2015-07-09,520.68,523.12,523.77,520.35,1.84M,0.74%
2015-07-10,530.13,526.29,532.56,525.55,1.96M,1.81%
2015-07-13,546.55,532.88,547.11,532.40,2.21M,3.10%
2015-07-14,561.10,546.76,565.85,546.71,3.24M,2.66%
2015-07-15,560.22,560.13,566.50,556.79,1.78M,-0.16%
2015-07-16,579.85,565.12,580.68,565.00,4.77M,3.50%
2015-07-17,672.93,649.00,674.47,645.00,11.16M,16.05%
2015-07-20,663.02,659.24,668.88,653.01,5.86M,-1.47%
2015-07-21,662.30,655.21,673.00,654.30,3.38M,-0.11%
2015-07-22,662.10,660.89,678.64,659.00,3.93M,-0.03%
2015-07-23,644.28,661.27,663.63,641.00,3.03M,-2.69%
2015-07-24,623.56,647.00,648.17,622.52,3.63M,-3.22%
2015-07-27,627.26,621.00,634.30,620.50,2.68M,0.59%
2015-07-28,628.00,632.83,632.83,623.31,1.73M,0.12%
2015-07-29,631.93,628.80,633.36,622.65,1.58M,0.63%
2015-07-30,632.59,630.00,635.22,622.05,1.47M,0.10%
2015-07-31,625.61,631.38,632.91,625.50,1.71M,-1.10%
2015-08-03,631.21,625.34,633.06,625.34,1.30M,0.90%
2015-08-04,629.25,628.42,634.81,627.16,1.49M,-0.31%
2015-08-05,643.78,634.33,647.86,633.16,2.33M,2.31%
2015-08-06,642.68,645.00,645.38,632.25,1.57M,-0.17%
2015-08-07,635.30,640.23,642.68,629.71,1.40M,-1.15%
2015-08-10,633.73,639.48,643.44,631.25,1.81M,-0.25%
2015-08-11,660.78,669.20,674.90,654.27,5.03M,4.27%
2015-08-12,659.56,663.08,665.00,652.29,2.94M,-0.18%
2015-08-13,656.45,659.32,664.50,651.66,1.81M,-0.47%
2015-08-14,657.12,655.01,659.86,652.66,1.07M,0.10%
2015-08-17,660.87,656.80,661.38,651.24,1.05M,0.57%
2015-08-18,656.13,661.90,664.00,653.46,1.46M,-0.72%
2015-08-19,660.90,656.60,667.00,654.19,2.13M,0.73%
2015-08-20,646.83,655.46,662.99,642.90,2.86M,-2.13%
2015-08-21,612.48,639.78,640.05,612.33,4.27M,-5.31%
2015-08-24,589.61,573.00,614.00,565.05,5.77M,-3.73%
2015-08-25,582.06,614.91,617.45,581.11,3.54M,-1.28%
2015-08-26,628.62,610.35,631.71,599.05,4.24M,8.00%
2015-08-27,637.61,639.40,643.59,622.00,3.49M,1.43%
2015-08-28,630.38,632.82,636.88,624.56,1.98M,-1.13%
2015-08-31,618.25,627.54,635.80,617.68,2.18M,-1.92%
2015-09-01,597.79,602.36,612.86,594.10,3.70M,-3.31%
2015-09-02,614.34,605.59,614.34,599.71,2.58M,2.77%
2015-09-03,606.25,617.00,619.71,602.82,1.76M,-1.32%
2015-09-04,600.70,600.00,603.47,595.25,2.09M,-0.92%
2015-09-08,614.66,612.49,616.31,604.12,2.28M,2.32%
2015-09-09,612.72,621.22,626.52,609.60,1.70M,-0.32%
2015-09-10,621.35,613.10,624.16,611.43,1.91M,1.41%
2015-09-11,625.77,619.75,625.78,617.42,1.37M,0.71%
2015-09-14,623.24,625.70,625.86,619.43,1.70M,-0.40%
2015-09-15,635.14,626.70,638.70,623.78,2.08M,1.91%
2015-09-16,635.98,635.47,637.95,632.32,1.29M,0.13%
2015-09-17,642.90,637.79,650.90,635.02,2.27M,1.09%
2015-09-18,629.25,636.79,640.00,627.02,5.13M,-2.12%
2015-09-21,635.44,634.40,636.49,625.94,1.79M,0.98%
2015-09-22,622.69,627.00,627.55,615.43,2.56M,-2.01%
2015-09-23,622.36,622.05,628.93,620.00,1.47M,-0.05%
2015-09-24,625.80,616.64,627.32,612.40,2.24M,0.55%
2015-09-25,611.97,629.77,629.77,611.00,2.17M,-2.21%
2015-09-28,594.89,610.34,614.61,589.38,3.13M,-2.79%
2015-09-29,594.97,597.28,605.00,590.22,2.31M,0.01%
2015-09-30,608.42,603.28,608.76,600.73,2.41M,2.26%
2015-10-01,611.29,608.37,612.09,599.85,1.87M,0.47%
2015-10-02,626.91,607.20,627.34,603.13,2.68M,2.56%
2015-10-05,641.47,632.00,643.01,627.00,1.80M,2.32%
2015-10-06,645.44,638.84,649.25,636.53,2.24M,0.62%
2015-10-07,642.36,649.24,650.61,632.15,2.09M,-0.48%
2015-10-08,639.16,641.36,644.45,625.56,2.18M,-0.50%
2015-10-09,643.61,640.00,645.99,635.32,1.65M,0.70%
2015-10-12,646.67,642.09,648.50,639.01,1.28M,0.48%
2015-10-13,652.30,643.15,657.81,643.15,1.81M,0.87%
2015-10-14,651.16,653.21,659.39,648.85,1.42M,-0.17%
2015-10-15,661.74,654.66,663.13,654.46,1.89M,1.62%
2015-10-16,662.20,664.11,664.97,657.20,1.61M,0.07%
2015-10-19,666.10,661.18,666.82,659.58,1.48M,0.59%
2015-10-20,650.28,664.04,664.72,644.20,2.50M,-2.38%
2015-10-21,642.61,654.15,655.87,641.73,1.79M,-1.18%
2015-10-22,651.79,646.70,657.80,644.01,4.07M,1.43%
2015-10-23,702.00,727.50,730.00,701.50,6.65M,7.70%
2015-10-26,712.78,701.55,719.15,701.26,2.72M,1.54%
2015-10-27,708.49,707.38,713.62,704.55,2.25M,-0.60%
2015-10-28,712.95,707.33,712.98,703.08,2.18M,0.63%
2015-10-29,716.92,710.50,718.26,710.01,1.46M,0.56%
2015-10-30,710.81,715.73,718.00,710.05,1.91M,-0.85%
2015-11-02,721.11,711.06,721.62,705.85,1.89M,1.45%
2015-11-03,722.16,718.86,724.65,714.72,1.57M,0.15%
2015-11-04,728.11,722.00,733.10,721.90,1.71M,0.82%
2015-11-05,731.25,729.47,739.48,729.47,1.86M,0.43%
2015-11-06,733.76,731.50,735.41,727.01,1.51M,0.34%
2015-11-09,724.89,730.20,734.71,719.43,2.07M,-1.21%
2015-11-10,728.32,724.40,730.59,718.50,1.61M,0.47%
2015-11-11,735.40,732.46,741.00,730.23,1.37M,0.97%
2015-11-12,731.23,731.00,737.80,728.64,1.84M,-0.57%
2015-11-13,717.00,729.17,731.15,716.73,2.08M,-1.95%
2015-11-16,728.96,715.60,729.49,711.33,1.91M,1.67%
2015-11-17,725.30,729.29,731.85,723.03,1.51M,-0.50%
2015-11-18,740.00,727.58,741.41,727.00,1.68M,2.03%
2015-11-19,738.41,738.74,742.00,737.43,1.33M,-0.21%
2015-11-20,756.60,746.53,757.92,743.00,2.21M,2.46%
2015-11-23,755.98,757.45,762.71,751.82,1.42M,-0.08%
2015-11-24,748.28,752.00,755.28,737.63,2.33M,-1.02%
2015-11-25,748.15,748.14,752.00,746.06,1.12M,-0.02%
2015-11-27,750.26,748.46,753.41,747.49,838.53K,0.28%
2015-11-30,742.60,748.81,754.93,741.27,2.10M,-1.02%
2015-12-01,767.04,747.11,768.95,746.70,2.13M,3.29%
2015-12-02,762.38,768.90,775.96,758.96,2.23M,-0.61%
2015-12-03,752.54,766.01,769.00,745.63,2.59M,-1.29%
2015-12-04,766.81,753.10,768.49,750.00,2.76M,1.90%
2015-12-07,763.25,767.77,768.73,755.09,1.81M,-0.46%
2015-12-08,762.37,757.89,764.80,754.20,1.83M,-0.12%
2015-12-09,751.61,759.17,764.23,737.00,2.70M,-1.41%
2015-12-10,749.46,752.85,755.85,743.83,1.99M,-0.29%
2015-12-11,738.87,741.16,745.71,736.75,2.22M,-1.41%
2015-12-14,747.77,741.79,748.73,724.17,2.42M,1.20%
2015-12-15,743.40,753.00,758.08,743.01,2.67M,-0.58%
2015-12-16,758.09,750.00,760.59,739.43,1.99M,1.98%
2015-12-17,749.43,762.42,762.68,749.00,1.55M,-1.14%
2015-12-18,739.31,746.51,754.13,738.15,3.15M,-1.35%
2015-12-21,747.77,746.13,750.00,740.00,1.53M,1.14%
2015-12-22,750.00,751.65,754.85,745.53,1.37M,0.30%
2015-12-23,750.31,753.47,754.21,744.00,1.57M,0.04%
2015-12-24,748.40,749.55,751.35,746.62,527.22K,-0.25%
2015-12-28,762.51,752.92,762.99,749.52,1.52M,1.89%
2015-12-29,776.60,766.69,779.98,766.43,1.77M,1.85%
2015-12-30,771.00,776.60,777.60,766.90,1.29M,-0.72%
2015-12-31,758.88,769.50,769.50,758.34,1.50M,-1.57%
2016-01-04,741.84,743.00,744.06,731.26,3.27M,-2.25%
2016-01-05,742.58,746.45,752.00,738.64,1.95M,0.10%
2016-01-06,743.62,730.00,747.18,728.92,1.95M,0.14%
2016-01-07,726.39,730.31,738.50,719.06,2.96M,-2.32%
2016-01-08,714.47,731.45,733.23,713.00,2.45M,-1.64%
2016-01-11,716.03,716.61,718.86,703.54,2.09M,0.22%
2016-01-12,726.07,721.68,728.75,717.32,2.02M,1.40%
2016-01-13,700.56,730.85,734.74,698.61,2.50M,-3.51%
2016-01-14,714.72,705.38,721.92,689.10,2.23M,2.02%
2016-01-15,694.45,692.29,706.74,685.37,3.61M,-2.84%
2016-01-19,701.79,703.30,709.98,693.41,2.27M,1.06%
2016-01-20,698.45,688.61,706.85,673.26,3.44M,-0.48%
2016-01-21,706.59,702.18,719.19,694.46,2.41M,1.17%
2016-01-22,725.25,723.60,728.13,720.12,2.01M,2.64%
2016-01-25,711.67,723.58,729.68,710.01,1.71M,-1.87%
2016-01-26,713.04,713.85,718.28,706.48,1.33M,0.19%
2016-01-27,699.99,713.67,718.24,694.39,2.19M,-1.83%
2016-01-28,730.96,722.22,733.69,712.35,2.68M,4.42%
2016-01-29,742.95,731.53,744.99,726.80,3.47M,1.64%
2016-02-01,752.00,750.46,757.86,743.27,5.14M,1.22%
2016-02-02,764.65,784.50,789.87,764.65,6.35M,1.68%
2016-02-03,726.95,770.22,774.50,720.50,6.17M,-4.93%
2016-02-04,708.01,722.81,727.00,701.86,5.17M,-2.61%
2016-02-05,683.57,703.87,703.99,680.15,5.11M,-3.45%
2016-02-08,682.74,667.85,684.03,663.06,4.25M,-0.12%
2016-02-09,678.11,672.32,699.90,668.77,3.61M,-0.68%
2016-02-10,684.12,686.86,701.31,682.13,2.64M,0.89%
2016-02-11,683.11,675.00,689.35,668.87,3.02M,-0.15%
2016-02-12,682.40,690.26,693.75,678.60,2.14M,-0.10%
2016-02-16,691.00,692.98,698.00,685.05,2.52M,1.26%
2016-02-17,708.40,699.00,709.75,691.38,2.49M,2.52%
2016-02-18,697.35,710.00,712.35,696.03,1.88M,-1.56%
2016-02-19,700.91,695.03,703.08,694.05,1.59M,0.51%
2016-02-22,706.46,707.45,713.24,702.51,1.95M,0.79%
2016-02-23,695.85,701.45,708.40,693.58,2.01M,-1.50%
2016-02-24,699.56,688.92,700.00,680.78,1.96M,0.53%
2016-02-25,705.75,700.01,705.98,690.59,1.64M,0.88%
2016-02-26,705.07,708.58,713.43,700.86,2.24M,-0.10%
2016-02-27,704.31,704.30,704.31,704.30,2.06M,-0.11%
2016-02-29,697.77,700.32,710.89,697.68,2.48M,-0.93%
2016-03-01,718.81,703.62,718.81,699.77,2.15M,3.02%
2016-03-02,718.85,719.00,720.00,712.00,1.63M,0.01%
2016-03-03,712.42,718.68,719.45,706.02,1.96M,-0.89%
2016-03-04,710.89,714.99,716.49,706.02,1.97M,-0.21%
2016-03-07,695.16,706.90,708.09,686.90,2.99M,-2.21%
2016-03-08,693.97,688.59,703.79,685.34,2.08M,-0.17%
2016-03-09,705.24,698.47,705.68,694.00,1.42M,1.62%
2016-03-10,712.82,708.12,716.44,703.36,2.83M,1.07%
2016-03-11,726.82,720.00,726.92,717.12,1.97M,1.96%
2016-03-14,730.49,726.81,735.50,725.15,1.72M,0.50%
2016-03-15,728.33,726.92,732.29,724.77,1.72M,-0.30%
2016-03-16,736.09,726.37,737.47,724.51,1.62M,1.07%
2016-03-17,737.78,736.45,743.07,736.00,1.86M,0.23%
2016-03-18,737.60,741.86,742.00,731.83,2.98M,-0.02%
2016-03-21,742.09,736.50,742.50,733.52,1.84M,0.61%
2016-03-22,740.75,737.46,745.00,737.46,1.27M,-0.18%
2016-03-23,738.06,742.36,745.72,736.15,1.43M,-0.36%
2016-03-24,735.30,732.01,737.75,731.00,1.59M,-0.37%
2016-03-28,733.53,736.79,738.99,732.50,1.30M,-0.24%
2016-03-29,744.77,734.59,747.25,728.76,1.90M,1.53%
2016-03-30,750.53,750.10,757.88,748.74,1.78M,0.77%
2016-03-31,744.95,749.25,750.85,740.94,1.72M,-0.74%
2016-04-01,749.91,738.60,750.34,737.00,1.58M,0.67%
2016-04-04,745.29,750.06,752.80,742.43,1.13M,-0.62%
2016-04-05,737.80,738.00,742.80,735.37,1.13M,-1.00%
2016-04-06,745.69,735.77,746.24,735.56,1.05M,1.07%
2016-04-07,740.28,745.37,747.00,736.28,1.45M,-0.73%
2016-04-08,739.15,743.97,745.45,735.55,1.29M,-0.15%
2016-04-11,736.10,743.02,745.00,736.05,1.22M,-0.41%
2016-04-12,743.09,738.00,743.83,731.01,1.35M,0.95%
2016-04-13,751.72,749.16,754.38,744.26,1.71M,1.16%
2016-04-14,753.20,754.01,757.31,752.71,1.14M,0.20%
2016-04-15,759.00,753.98,761.00,752.69,1.81M,0.77%
2016-04-18,766.61,760.46,768.05,757.30,1.56M,1.00%
2016-04-19,753.93,769.51,769.90,749.33,2.03M,-1.65%
2016-04-20,752.67,758.00,758.13,750.01,1.53M,-0.17%
2016-04-21,759.14,755.38,760.45,749.55,3.06M,0.86%
2016-04-22,718.77,726.30,736.12,713.61,5.95M,-5.32%
2016-04-25,723.15,716.10,723.93,715.59,1.96M,0.61%
2016-04-26,708.14,725.42,725.77,703.03,2.74M,-2.08%
2016-04-27,705.84,707.29,708.98,692.37,3.10M,-0.32%
2016-04-28,691.02,708.26,714.17,689.55,2.87M,-2.10%
2016-04-29,693.01,690.70,697.62,689.00,2.49M,0.29%
2016-05-02,698.21,697.63,700.64,691.00,1.65M,0.75%
2016-05-03,692.36,696.87,697.84,692.00,1.54M,-0.84%
2016-05-04,695.70,690.49,699.75,689.01,1.69M,0.48%
2016-05-05,701.43,697.70,702.32,695.72,1.68M,0.82%
2016-05-06,711.12,698.38,711.86,698.11,1.83M,1.38%
2016-05-09,712.90,712.00,718.71,710.00,1.51M,0.25%
2016-05-10,723.18,716.75,723.50,715.72,1.57M,1.44%
2016-05-11,715.29,723.41,724.48,712.80,1.69M,-1.09%
2016-05-12,713.31,717.06,719.25,709.00,1.36M,-0.28%
2016-05-13,710.83,711.93,716.66,709.26,1.31M,-0.35%
2016-05-16,716.49,709.13,718.48,705.65,1.32M,0.80%
2016-05-17,706.23,715.99,721.52,704.11,2.00M,-1.43%
2016-05-18,706.63,703.67,711.60,700.63,1.77M,0.06%
2016-05-19,700.32,702.36,706.00,696.80,1.67M,-0.89%
2016-05-20,709.74,701.62,714.58,700.52,1.83M,1.35%
2016-05-23,704.24,706.53,711.48,704.18,1.33M,-0.77%
2016-05-24,720.09,706.86,720.97,706.86,1.93M,2.25%
2016-05-25,725.27,720.76,727.51,719.70,1.63M,0.72%
2016-05-26,724.12,722.87,728.33,720.28,1.58M,-0.16%
2016-05-27,732.66,724.01,733.94,724.00,1.97M,1.18%
2016-05-31,735.72,731.74,739.73,731.26,2.13M,0.42%
2016-06-01,734.15,734.53,737.21,730.66,1.25M,-0.21%
2016-06-02,730.40,732.50,733.02,724.17,1.34M,-0.51%
2016-06-03,722.34,729.27,729.49,720.56,1.23M,-1.10%
2016-06-06,716.55,724.91,724.91,714.61,1.57M,-0.80%
2016-06-07,716.65,719.84,721.98,716.55,1.34M,0.01%
2016-06-08,728.28,723.96,728.57,720.58,1.58M,1.62%
2016-06-09,728.58,722.87,729.54,722.34,988.91K,0.04%
2016-06-10,719.41,719.47,725.89,716.43,1.22M,-1.26%
2016-06-13,718.36,716.51,725.44,716.51,1.26M,-0.15%
2016-06-14,718.27,716.48,722.47,713.12,1.31M,-0.01%
2016-06-15,718.92,719.00,722.98,717.31,1.21M,0.09%
2016-06-16,710.36,714.91,716.65,703.26,1.98M,-1.19%
2016-06-17,691.72,708.65,708.82,688.45,3.40M,-2.62%
2016-06-20,693.71,698.77,702.48,693.41,2.08M,0.29%
2016-06-21,695.94,698.40,702.77,692.01,1.47M,0.32%
2016-06-22,697.46,699.06,700.86,693.08,1.18M,0.22%
2016-06-23,701.87,697.45,701.95,687.00,2.17M,0.63%
2016-06-24,675.22,675.17,689.40,673.45,4.45M,-3.80%
2016-06-27,668.26,671.00,672.30,663.28,2.64M,-1.03%
2016-06-28,680.04,678.97,680.33,673.00,2.17M,1.76%
2016-06-29,684.11,683.00,687.43,681.41,1.93M,0.60%
2016-06-30,692.10,685.47,692.32,683.65,1.60M,1.17%
2016-07-01,699.21,692.20,700.65,692.13,1.34M,1.03%
2016-07-05,694.49,696.06,696.94,688.88,1.46M,-0.68%
2016-07-06,697.77,689.98,701.68,689.09,1.41M,0.47%
2016-07-07,695.36,698.08,698.20,688.22,1.30M,-0.35%
2016-07-08,705.63,699.50,705.71,696.43,1.58M,1.48%
2016-07-11,715.09,708.05,716.51,707.24,1.11M,1.34%
2016-07-12,720.64,719.12,722.94,715.91,1.34M,0.78%
2016-07-13,716.98,723.62,724.00,716.85,935.88K,-0.51%
2016-07-14,720.95,721.58,722.21,718.03,950.19K,0.55%
2016-07-15,719.85,725.73,725.74,719.05,1.28M,-0.15%
2016-07-18,733.78,722.71,736.13,721.19,1.30M,1.94%
2016-07-19,736.96,729.89,736.99,729.00,1.23M,0.43%
2016-07-20,741.19,737.33,742.13,737.10,1.29M,0.57%
2016-07-21,738.63,740.36,741.69,735.83,1.03M,-0.35%
2016-07-22,742.74,741.86,743.24,736.56,1.26M,0.56%
2016-07-25,739.77,740.67,742.61,737.50,1.03M,-0.40%
2016-07-26,738.42,739.04,741.69,734.27,1.19M,-0.18%
2016-07-27,741.77,738.28,744.46,737.00,1.51M,0.45%
2016-07-28,745.91,747.04,748.65,739.30,3.53M,0.56%
2016-07-29,768.79,772.71,778.55,766.77,3.84M,3.07%
2016-08-01,772.88,761.09,780.43,761.09,2.70M,0.53%
2016-08-02,771.07,768.69,775.84,767.85,1.78M,-0.23%
2016-08-03,773.18,767.18,773.21,766.82,1.29M,0.27%
2016-08-04,771.61,772.22,774.07,768.79,1.14M,-0.20%
2016-08-05,782.22,773.78,783.04,772.34,1.80M,1.38%
2016-08-08,781.76,782.00,782.63,778.09,1.11M,-0.06%
2016-08-09,784.26,781.10,788.94,780.57,1.32M,0.32%
2016-08-10,784.68,783.75,786.81,782.78,786.36K,0.05%
2016-08-11,784.85,785.00,789.75,782.97,975.11K,0.02%
2016-08-12,783.22,781.50,783.39,780.40,740.50K,-0.21%
2016-08-15,782.44,783.75,787.49,780.11,938.19K,-0.10%
2016-08-16,777.14,780.30,780.98,773.44,1.03M,-0.68%
2016-08-17,779.91,777.32,780.81,773.53,924.23K,0.36%
2016-08-18,777.50,780.01,782.86,777.00,719.43K,-0.31%
2016-08-19,775.42,775.00,777.10,773.13,861.55K,-0.27%
2016-08-22,772.15,773.27,774.54,770.05,951.36K,-0.42%
2016-08-23,772.08,775.48,776.44,771.78,928.23K,-0.01%
2016-08-24,769.64,770.58,774.50,767.07,1.07M,-0.32%
2016-08-25,769.41,767.00,771.89,763.18,926.88K,-0.03%
2016-08-26,769.54,769.00,776.08,765.85,1.17M,0.02%
2016-08-29,772.15,768.74,774.99,766.62,847.57K,0.34%
2016-08-30,769.09,769.33,774.47,766.84,1.13M,-0.40%
2016-08-31,767.05,767.01,769.09,765.38,1.25M,-0.27%
2016-09-01,768.78,769.25,771.02,764.30,925.13K,0.23%
2016-09-02,771.46,773.01,773.92,768.41,1.07M,0.35%
2016-09-06,780.08,773.45,782.00,771.00,1.44M,1.12%
2016-09-07,780.35,780.00,782.73,776.20,894.02K,0.03%
2016-09-08,775.32,778.59,780.35,773.58,1.27M,-0.64%
2016-09-09,759.66,770.10,773.25,759.66,1.89M,-2.02%
2016-09-12,769.02,755.13,770.29,754.00,1.31M,1.23%
2016-09-13,759.69,764.48,766.22,755.80,1.40M,-1.21%
2016-09-14,762.49,759.61,767.68,759.11,1.09M,0.37%
2016-09-15,771.76,762.89,773.80,759.96,1.35M,1.22%
2016-09-16,768.88,769.75,769.75,764.66,2.05M,-0.37%
2016-09-19,765.70,772.42,774.00,764.44,1.17M,-0.41%
2016-09-20,771.41,769.00,773.33,768.53,978.63K,0.75%
2016-09-21,776.22,772.66,777.16,768.30,1.17M,0.62%
2016-09-22,787.21,780.00,789.85,778.44,1.49M,1.42%
2016-09-23,786.90,786.59,788.93,784.15,1.41M,-0.04%
2016-09-26,774.21,782.74,782.74,773.07,1.53M,-1.61%
2016-09-27,783.01,775.50,785.99,774.31,1.15M,1.14%
2016-09-28,781.56,777.85,781.81,774.97,1.11M,-0.19%
2016-09-29,775.01,781.44,785.80,774.23,1.31M,-0.84%
2016-09-30,777.29,776.33,780.94,774.09,1.59M,0.29%
2016-10-03,772.56,774.25,776.07,769.50,1.28M,-0.61%
2016-10-04,776.43,776.03,778.71,772.89,1.20M,0.50%
2016-10-05,776.47,779.31,782.07,775.65,1.46M,0.01%
2016-10-06,776.86,779.00,780.48,775.54,1.07M,0.05%
2016-10-07,775.08,779.66,779.66,770.75,933.16K,-0.23%
2016-10-10,785.94,777.71,789.38,775.87,1.17M,1.40%
2016-10-11,783.07,786.66,792.28,780.58,1.37M,-0.37%
2016-10-12,786.14,783.76,788.13,782.06,937.44K,0.39%
2016-10-13,778.19,781.22,781.22,773.00,1.37M,-1.01%
2016-10-14,778.53,781.65,783.95,776.00,852.49K,0.04%
2016-10-17,779.96,779.80,785.85,777.50,1.09M,0.18%
2016-10-18,795.26,787.85,801.61,785.57,2.06M,1.96%
2016-10-19,801.56,798.86,804.63,797.63,1.77M,0.79%
2016-10-20,796.97,803.30,803.97,796.03,1.76M,-0.57%
2016-10-21,799.37,795.00,799.50,794.00,1.27M,0.30%
2016-10-24,813.11,804.90,815.18,804.82,1.70M,1.72%
2016-10-25,807.67,816.68,816.68,805.14,1.58M,-0.67%
2016-10-26,799.07,806.34,806.98,796.32,1.65M,-1.06%
2016-10-27,795.35,801.00,803.49,791.50,2.75M,-0.47%
2016-10-28,795.37,808.35,815.49,793.59,4.27M,0.00%
2016-10-31,784.54,795.47,796.86,784.00,2.43M,-1.36%
2016-11-01,783.61,782.89,789.49,775.54,2.41M,-0.12%
2016-11-02,768.70,778.20,781.65,763.45,1.92M,-1.90%
2016-11-03,762.13,767.25,769.95,759.03,1.94M,-0.85%
2016-11-04,762.02,750.66,770.36,750.56,2.13M,-0.01%
2016-11-07,782.52,774.50,785.19,772.55,1.59M,2.69%
2016-11-08,790.51,783.40,795.63,780.19,1.37M,1.02%
2016-11-09,785.31,779.94,791.23,771.67,2.61M,-0.66%
2016-11-10,762.56,791.17,791.17,752.18,4.75M,-2.90%
2016-11-11,754.02,756.54,760.78,750.38,2.43M,-1.12%
2016-11-14,736.08,755.60,757.85,727.54,3.65M,-2.38%
2016-11-15,758.49,746.97,764.42,746.97,2.38M,3.04%
2016-11-16,764.48,755.20,766.36,750.51,1.47M,0.79%
2016-11-17,771.23,766.92,772.70,764.23,1.30M,0.88%
2016-11-18,760.54,771.37,775.00,760.00,1.55M,-1.39%
2016-11-21,769.20,762.61,769.70,760.60,1.33M,1.14%
2016-11-22,768.27,772.63,776.96,767.00,1.59M,-0.12%
2016-11-23,760.99,767.73,768.28,755.25,1.48M,-0.95%
2016-11-25,761.68,764.26,765.00,760.52,587.42K,0.09%
2016-11-28,768.24,760.00,779.53,759.80,2.19M,0.86%
2016-11-29,770.84,771.53,778.50,768.24,1.62M,0.34%
2016-11-30,758.04,770.07,772.99,754.83,2.39M,-1.66%
2016-12-01,747.92,757.44,759.85,737.02,3.02M,-1.34%
2016-12-02,750.50,744.59,754.00,743.10,1.45M,0.34%
2016-12-05,762.52,757.71,763.90,752.90,1.39M,1.60%
2016-12-06,759.11,764.73,768.83,757.34,1.69M,-0.45%
2016-12-07,771.19,761.00,771.36,755.80,1.76M,1.59%
2016-12-08,776.42,772.48,778.18,767.23,1.49M,0.68%
2016-12-09,789.29,780.00,789.43,779.02,1.82M,1.66%
2016-12-12,789.27,785.04,791.25,784.36,2.10M,0.00%
2016-12-13,796.10,793.90,804.38,793.34,2.15M,0.87%
2016-12-14,797.07,797.40,804.00,794.01,1.70M,0.12%
2016-12-15,797.85,797.34,803.00,792.92,1.63M,0.10%
2016-12-16,790.80,800.40,800.86,790.29,2.44M,-0.88%
2016-12-19,794.20,790.22,797.66,786.27,1.23M,0.43%
2016-12-20,796.42,796.76,798.65,793.27,951.01K,0.28%
2016-12-21,794.56,795.84,796.68,787.10,1.21M,-0.23%
2016-12-22,791.26,792.36,793.32,788.58,972.17K,-0.42%
2016-12-23,789.91,790.90,792.74,787.28,623.94K,-0.17%
2016-12-27,791.55,790.68,797.86,787.66,789.32K,0.21%
2016-12-28,785.05,793.70,794.23,783.20,1.15M,-0.82%
2016-12-29,782.79,783.33,785.93,778.92,744.27K,-0.29%
2016-12-30,771.82,782.75,782.78,770.41,1.77M,-1.40%
2017-01-03,786.14,778.81,789.63,775.80,1.66M,1.86%
2017-01-04,786.90,788.36,791.34,783.16,1.07M,0.10%
2017-01-05,794.02,786.08,794.48,785.02,1.34M,0.90%
2017-01-06,806.15,795.26,807.90,792.20,1.64M,1.53%
2017-01-09,806.65,806.40,809.97,802.83,1.27M,0.06%
2017-01-10,804.79,807.86,809.13,803.51,1.18M,-0.23%
2017-01-11,807.91,805.00,808.15,801.37,1.07M,0.39%
2017-01-12,806.36,807.14,807.39,799.17,1.35M,-0.19%
2017-01-13,807.88,807.48,811.22,806.69,1.10M,0.19%
2017-01-17,804.61,807.08,807.14,800.37,1.36M,-0.40%
2017-01-18,806.07,805.81,806.21,800.99,1.29M,0.18%
2017-01-19,802.17,805.12,809.48,801.80,919.33K,-0.48%
2017-01-20,805.02,806.91,806.91,801.69,1.67M,0.36%
2017-01-23,819.31,807.25,820.87,803.74,1.96M,1.78%
2017-01-24,823.87,822.30,825.90,817.82,1.47M,0.56%
2017-01-25,835.67,829.62,835.77,825.06,1.63M,1.43%
2017-01-26,832.15,837.81,838.00,827.01,2.97M,-0.42%
2017-01-27,823.31,834.71,841.95,820.44,2.97M,-1.06%
2017-01-30,802.32,814.66,815.84,799.80,3.25M,-2.55%
2017-01-31,796.79,796.86,801.25,790.52,2.16M,-0.69%
2017-02-01,795.70,799.68,801.19,791.19,2.03M,-0.14%
2017-02-02,798.53,793.80,802.70,792.00,1.53M,0.36%
2017-02-03,801.49,802.99,806.00,800.37,1.46M,0.37%
2017-02-06,801.34,799.70,801.67,795.25,1.18M,-0.02%
2017-02-07,806.97,803.99,810.50,801.78,1.24M,0.70%
2017-02-08,808.38,807.00,811.84,803.19,1.16M,0.17%
2017-02-09,809.56,809.51,810.66,804.54,990.39K,0.15%
2017-02-10,813.67,811.70,815.25,809.78,1.13M,0.51%
2017-02-13,819.24,816.00,820.96,815.49,1.21M,0.68%
2017-02-14,820.45,819.00,823.00,816.00,1.05M,0.15%
2017-02-15,818.98,819.36,823.00,818.47,1.31M,-0.18%
2017-02-16,824.16,819.93,824.40,818.98,1.29M,0.63%
2017-02-17,828.07,823.02,828.07,821.65,1.61M,0.47%
2017-02-21,831.66,828.66,833.45,828.35,1.26M,0.43%
2017-02-22,830.76,828.66,833.25,828.64,987.25K,-0.11%
2017-02-23,831.33,830.12,832.46,822.88,1.47M,0.07%
2017-02-24,828.64,827.73,829.00,824.20,1.39M,-0.32%
2017-02-27,829.28,824.55,830.50,824.00,1.10M,0.08%
2017-02-28,823.21,825.61,828.54,820.20,2.26M,-0.73%
2017-03-01,835.24,828.85,836.25,827.26,1.50M,1.46%
2017-03-02,830.63,833.85,834.51,829.64,942.48K,-0.55%
2017-03-03,829.08,830.56,831.36,825.75,896.38K,-0.19%
2017-03-06,827.78,826.95,828.88,822.40,1.11M,-0.16%
2017-03-07,831.91,827.40,833.41,826.52,1.04M,0.50%
2017-03-08,835.37,833.51,838.15,831.79,989.77K,0.42%
2017-03-09,838.68,836.00,842.00,834.21,1.26M,0.40%
2017-03-10,843.25,843.28,844.91,839.50,1.70M,0.54%
2017-03-13,845.54,844.00,848.68,843.25,1.22M,0.27%
2017-03-14,845.62,843.64,847.24,840.80,780.20K,0.01%
2017-03-15,847.20,847.59,848.63,840.77,1.38M,0.19%
2017-03-16,848.78,849.03,850.85,846.13,977.56K,0.19%
2017-03-17,852.12,851.61,853.40,847.11,1.72M,0.39%
2017-03-20,848.40,850.01,850.22,845.15,1.23M,-0.44%
2017-03-21,830.46,851.40,853.50,829.02,2.46M,-2.11%
2017-03-22,829.59,831.91,835.55,827.18,1.40M,-0.10%
2017-03-23,817.58,821.00,822.57,812.26,3.49M,-1.45%
2017-03-24,814.43,820.08,821.93,808.89,1.98M,-0.39%
2017-03-27,819.51,806.95,821.63,803.37,1.89M,0.62%
2017-03-28,820.92,820.41,825.99,814.03,1.62M,0.17%
2017-03-29,831.41,825.00,832.76,822.38,1.79M,1.28%
2017-03-30,831.50,833.50,833.68,829.00,1.06M,0.01%
2017-03-31,829.56,828.97,831.64,827.39,1.40M,-0.23%
2017-04-03,838.55,829.22,840.85,829.22,1.67M,1.08%
2017-04-04,834.57,831.36,835.18,829.04,1.05M,-0.47%
2017-04-05,831.41,835.51,842.45,830.72,1.56M,-0.38%
2017-04-06,827.88,832.40,836.39,826.46,1.25M,-0.42%
2017-04-07,824.67,827.96,828.49,820.51,1.06M,-0.39%
2017-04-10,824.73,825.39,829.35,823.77,978.91K,0.01%
2017-04-11,823.35,824.71,827.43,817.02,1.08M,-0.17%
2017-04-12,824.32,821.93,826.66,821.02,900.48K,0.12%
2017-04-13,823.56,822.14,826.38,821.44,1.12M,-0.09%
2017-04-17,837.17,825.01,837.75,824.47,895.02K,1.65%
2017-04-18,836.82,834.22,838.93,832.71,836.72K,-0.04%
2017-04-19,838.21,839.79,842.22,836.29,954.33K,0.17%
2017-04-20,841.65,841.44,845.20,839.32,959.03K,0.41%
2017-04-21,843.19,842.88,843.88,840.60,1.32M,0.18%
2017-04-24,862.76,851.20,863.45,849.86,1.37M,2.32%
2017-04-25,872.30,865.00,875.00,862.81,1.67M,1.11%
2017-04-26,871.73,874.23,876.05,867.75,1.24M,-0.07%
2017-04-27,874.25,873.60,875.40,870.38,2.03M,0.29%
2017-04-28,905.96,910.66,916.85,905.77,3.28M,3.63%
2017-05-01,912.57,901.94,915.68,901.45,2.12M,0.73%
2017-05-02,916.44,909.62,920.77,909.45,1.59M,0.42%
2017-05-03,927.04,914.86,928.10,912.54,1.50M,1.16%
2017-05-04,931.66,926.07,935.93,924.59,1.42M,0.50%
2017-05-05,927.13,933.54,934.90,925.20,1.91M,-0.49%
2017-05-08,934.30,926.12,936.92,925.26,1.33M,0.77%
2017-05-09,932.17,936.95,937.50,929.53,1.58M,-0.23%
2017-05-10,928.78,931.98,932.00,925.16,1.17M,-0.36%
2017-05-11,930.60,925.32,932.53,923.03,835.39K,0.20%
2017-05-12,932.22,931.53,933.44,927.85,1.05M,0.17%
2017-05-15,937.08,932.95,938.25,929.34,1.11M,0.52%
2017-05-16,943.00,940.00,943.11,937.58,969.48K,0.63%
2017-05-17,919.62,935.67,939.33,918.14,2.36M,-2.48%
2017-05-18,930.24,921.00,933.17,918.75,1.60M,1.15%
2017-05-19,934.01,931.47,937.75,931.00,1.39M,0.41%
2017-05-22,941.86,935.00,941.88,935.00,1.12M,0.84%
2017-05-23,948.82,947.92,951.47,942.58,1.27M,0.74%
2017-05-24,954.96,952.98,955.09,949.50,1.03M,0.65%
2017-05-25,969.54,957.33,972.63,955.47,1.66M,1.53%
2017-05-26,971.47,969.70,974.98,965.03,1.25M,0.20%
2017-05-30,975.88,970.31,976.20,969.49,1.47M,0.45%
2017-05-31,964.86,975.02,979.27,960.18,2.45M,-1.13%
2017-06-01,966.95,968.95,971.50,960.01,1.41M,0.22%
2017-06-02,975.60,969.46,975.88,966.00,1.75M,0.89%
2017-06-05,983.68,976.55,986.91,975.10,1.25M,0.83%
2017-06-06,976.57,983.16,988.25,975.14,1.81M,-0.72%
2017-06-07,981.08,979.65,984.15,975.77,1.45M,0.46%
2017-06-08,983.41,982.35,984.57,977.20,1.48M,0.24%
2017-06-09,949.83,984.50,984.50,935.63,3.31M,-3.41%
2017-06-12,942.90,939.56,949.36,915.23,3.76M,-0.73%
2017-06-13,953.40,951.91,959.98,944.09,2.01M,1.11%
2017-06-14,950.76,959.92,961.15,942.25,1.49M,-0.28%
2017-06-15,942.31,933.97,943.34,924.44,2.13M,-0.89%
2017-06-16,939.78,940.00,942.04,931.60,3.09M,-0.27%
2017-06-19,957.37,949.96,959.99,949.05,1.53M,1.87%
2017-06-20,950.63,957.52,961.62,950.01,1.13M,-0.70%
2017-06-21,959.45,953.64,960.10,950.76,1.20M,0.93%
2017-06-22,957.09,958.70,960.72,954.55,941.96K,-0.25%
2017-06-23,965.59,956.83,966.00,954.20,1.53M,0.89%
2017-06-26,952.27,969.90,973.31,950.79,1.60M,-1.38%
2017-06-27,927.33,942.46,948.29,926.85,2.58M,-2.62%
2017-06-28,940.49,929.00,942.75,916.00,2.72M,1.42%
2017-06-29,917.79,929.92,931.26,910.62,3.30M,-2.41%
2017-06-30,908.73,926.05,926.05,908.31,2.09M,-0.99%
2017-07-03,898.70,912.18,913.94,894.79,1.71M,-1.10%
2017-07-05,911.71,901.76,914.51,898.50,1.81M,1.45%
2017-07-06,906.69,904.12,914.94,899.70,1.42M,-0.55%
2017-07-07,918.59,908.85,921.54,908.85,1.64M,1.31%
2017-07-10,928.80,921.77,930.38,919.59,1.19M,1.11%
2017-07-11,930.09,929.54,931.43,922.00,1.11M,0.14%
2017-07-12,943.83,938.68,946.30,934.47,1.53M,1.48%
2017-07-13,947.16,946.29,954.45,943.01,1.29M,0.35%
2017-07-14,955.99,952.00,956.91,948.00,1.05M,0.93%
2017-07-17,953.42,957.00,960.74,949.24,1.17M,-0.27%
2017-07-18,965.40,953.00,968.04,950.60,1.15M,1.26%
2017-07-19,970.89,967.84,973.04,964.03,1.22M,0.57%
2017-07-20,968.15,975.00,975.90,961.51,1.62M,-0.28%
2017-07-21,972.92,962.25,973.23,960.15,1.71M,0.49%
2017-07-24,980.34,972.22,986.20,970.77,3.25M,0.76%
2017-07-25,950.70,953.81,959.70,945.40,4.66M,-3.02%
2017-07-26,947.80,954.68,955.00,942.28,2.09M,-0.31%
2017-07-27,934.09,951.78,951.78,920.00,3.21M,-1.45%
2017-07-28,941.53,929.40,943.83,927.50,1.85M,0.80%
2017-07-31,930.50,941.89,943.59,926.04,1.97M,-1.17%
2017-08-01,930.83,932.38,937.45,929.26,1.28M,0.04%
2017-08-02,930.39,928.61,932.60,916.68,1.82M,-0.05%
2017-08-03,923.65,930.34,932.24,922.24,1.20M,-0.72%
2017-08-04,927.96,926.75,930.31,923.03,1.08M,0.47%
2017-08-07,929.36,929.06,931.70,926.50,1.03M,0.15%
2017-08-08,926.79,927.09,935.81,925.61,1.06M,-0.28%
2017-08-09,922.90,920.61,925.98,917.25,1.19M,-0.42%
2017-08-10,907.24,917.55,919.26,906.13,1.82M,-1.70%
2017-08-11,914.39,907.97,917.78,905.58,1.21M,0.79%
2017-08-14,922.67,922.53,924.67,918.19,1.06M,0.91%
2017-08-15,922.22,924.23,926.55,919.82,883.37K,-0.05%
2017-08-16,926.96,925.29,932.70,923.45,1.01M,0.51%
2017-08-17,910.98,925.78,926.86,910.98,1.28M,-1.72%
2017-08-18,910.67,910.31,915.27,907.15,1.34M,-0.03%
2017-08-21,906.66,910.00,913.00,903.40,943.44K,-0.44%
2017-08-22,924.69,912.72,925.86,911.48,1.17M,1.99%
2017-08-23,927.00,921.93,929.93,919.36,1.09M,0.25%
2017-08-24,921.28,928.66,930.84,915.50,1.27M,-0.62%
2017-08-25,915.89,923.49,925.55,915.50,1.05M,-0.59%
2017-08-28,913.81,916.00,919.25,911.87,1.09M,-0.23%
2017-08-29,921.29,905.10,923.33,905.00,1.19M,0.82%
2017-08-30,929.57,920.05,930.82,919.65,1.30M,0.90%
2017-08-31,939.33,931.76,941.98,931.76,1.58M,1.05%
2017-09-01,937.34,941.13,942.48,935.15,947.37K,-0.21%
2017-09-05,928.45,933.08,937.00,921.96,1.35M,-0.95%
2017-09-06,927.81,930.15,930.91,919.27,1.53M,-0.07%
2017-09-07,935.95,931.73,936.41,923.62,1.21M,0.88%
2017-09-08,926.50,936.49,936.99,924.88,1.01M,-1.01%
2017-09-11,929.08,934.25,938.38,926.92,1.27M,0.28%
2017-09-12,932.07,932.59,933.48,923.86,1.13M,0.32%
2017-09-13,935.09,930.66,937.25,929.86,1.10M,0.32%
2017-09-14,925.11,931.25,932.77,924.00,1.40M,-1.07%
2017-09-15,920.29,924.66,926.49,916.36,2.51M,-0.52%
2017-09-18,915.00,920.01,922.08,910.60,1.31M,-0.57%
2017-09-19,921.81,917.42,922.42,912.55,936.65K,0.74%
2017-09-20,931.58,922.98,933.88,922.00,1.67M,1.06%
2017-09-21,932.45,933.00,936.53,923.83,1.29M,0.09%
2017-09-22,928.53,927.75,934.73,926.48,1.05M,-0.42%
2017-09-25,920.97,925.45,926.40,909.70,1.86M,-0.81%
2017-09-26,924.86,923.72,930.82,921.14,1.67M,0.42%
2017-09-27,944.49,927.74,949.90,927.74,2.24M,2.12%
2017-09-28,949.50,941.36,950.69,940.55,1.02M,0.53%
2017-09-29,959.11,952.00,959.79,951.51,1.58M,1.01%
2017-10-02,953.27,959.98,962.54,947.84,1.28M,-0.61%
2017-10-03,957.79,954.00,958.00,949.14,888.35K,0.47%
2017-10-04,951.68,957.00,960.39,950.69,952.39K,-0.64%
2017-10-05,969.96,955.49,970.91,955.18,1.21M,1.92%
2017-10-06,978.89,966.70,979.46,963.36,1.17M,0.92%
2017-10-09,977.00,980.00,985.42,976.11,891.36K,-0.19%
2017-10-10,972.60,980.00,981.57,966.08,968.36K,-0.45%
2017-10-11,989.25,973.72,990.71,972.25,1.69M,1.71%
2017-10-12,987.83,987.45,994.12,985.00,1.26M,-0.14%
2017-10-13,989.68,992.00,997.21,989.00,1.17M,0.19%
2017-10-16,992.00,992.10,993.91,984.00,910.54K,0.23%
2017-10-17,992.18,990.29,996.44,988.59,1.29M,0.02%
2017-10-18,992.81,991.77,996.72,986.97,1.06M,0.06%
2017-10-19,984.45,986.00,988.88,978.39,1.31M,-0.84%
2017-10-20,988.20,989.44,991.00,984.58,1.18M,0.38%
2017-10-23,968.45,989.52,989.52,966.12,1.48M,-2.00%
2017-10-24,970.54,970.00,972.23,961.00,1.21M,0.22%
2017-10-25,973.33,968.37,976.09,960.52,1.21M,0.29%
2017-10-26,972.56,980.00,987.60,972.20,2.04M,-0.08%
2017-10-27,1019.27,1009.19,1048.39,1008.20,5.17M,4.80%
2017-10-30,1017.11,1014.00,1024.97,1007.50,2.09M,-0.21%
2017-10-31,1016.64,1015.22,1024.00,1010.42,1.33M,-0.05%
2017-11-01,1025.50,1017.21,1029.67,1016.95,1.37M,0.87%
2017-11-02,1025.58,1021.76,1028.09,1013.01,1.05M,0.01%
2017-11-03,1032.48,1022.11,1032.65,1020.31,1.08M,0.67%
2017-11-06,1025.90,1028.99,1034.87,1025.00,1.13M,-0.64%
2017-11-07,1033.33,1027.27,1033.97,1025.13,1.11M,0.72%
2017-11-08,1039.85,1030.52,1043.52,1028.45,1.09M,0.63%
2017-11-09,1031.26,1033.99,1033.99,1019.67,1.25M,-0.83%
2017-11-10,1028.07,1026.46,1030.76,1025.28,720.68K,-0.31%
2017-11-13,1025.75,1023.42,1031.58,1022.57,885.78K,-0.23%
2017-11-14,1026.00,1022.59,1026.81,1014.15,959.22K,0.02%
2017-11-15,1020.91,1019.21,1024.09,1015.42,853.99K,-0.50%
2017-11-16,1032.50,1022.52,1035.92,1022.52,1.13M,1.14%
2017-11-17,1019.09,1034.01,1034.42,1017.75,1.40M,-1.30%
2017-11-20,1018.38,1020.26,1022.61,1017.50,953.47K,-0.07%
2017-11-21,1034.49,1023.31,1035.11,1022.65,1.10M,1.58%
2017-11-22,1035.96,1035.00,1039.71,1031.43,746.88K,0.14%
2017-11-24,1040.61,1035.87,1043.18,1035.00,537.00K,0.45%
2017-11-27,1054.21,1040.00,1055.46,1038.44,1.31M,1.31%
2017-11-28,1047.41,1055.09,1062.38,1040.00,1.42M,-0.65%
2017-11-29,1021.66,1042.68,1044.08,1015.65,2.46M,-2.46%
2017-11-30,1021.41,1022.37,1028.49,1015.00,1.72M,-0.02%
2017-12-01,1010.17,1015.80,1022.49,1002.02,1.91M,-1.10%
2017-12-04,998.68,1012.66,1016.10,995.57,1.91M,-1.14%
2017-12-05,1005.15,995.94,1020.61,988.28,2.07M,0.65%
2017-12-06,1018.38,1001.50,1024.97,1001.14,1.27M,1.32%
2017-12-07,1030.93,1020.43,1034.24,1018.07,1.46M,1.23%
2017-12-08,1037.05,1037.49,1042.05,1032.52,1.29M,0.59%
2017-12-11,1041.10,1035.50,1043.80,1032.05,1.19M,0.39%
2017-12-12,1040.48,1039.63,1050.31,1033.69,1.28M,-0.06%
2017-12-13,1040.61,1046.12,1046.66,1038.38,1.28M,0.01%
2017-12-14,1049.15,1045.00,1058.50,1043.11,1.56M,0.82%
2017-12-15,1064.19,1054.61,1067.62,1049.50,3.28M,1.43%
2017-12-18,1077.14,1066.08,1078.49,1062.00,1.55M,1.22%
2017-12-19,1070.68,1075.20,1076.84,1063.55,1.34M,-0.60%
2017-12-20,1064.95,1071.78,1073.38,1061.52,1.27M,-0.54%
2017-12-21,1063.63,1064.95,1069.33,1061.79,995.70K,-0.12%
2017-12-22,1060.12,1061.11,1064.20,1059.44,755.10K,-0.33%
2017-12-26,1056.74,1058.07,1060.12,1050.20,761.24K,-0.32%
2017-12-27,1049.37,1057.39,1058.37,1048.05,1.27M,-0.70%
2017-12-28,1048.14,1051.60,1054.75,1044.77,837.12K,-0.12%
2017-12-29,1046.40,1046.72,1049.70,1044.90,887.51K,-0.17%
2018-01-02,1065.00,1048.34,1066.94,1045.23,1.24M,1.78%
2018-01-03,1082.48,1064.31,1086.29,1063.21,1.43M,1.64%
2018-01-04,1086.40,1088.00,1093.57,1084.00,1.00M,0.36%
2018-01-05,1102.23,1094.00,1104.25,1092.00,1.28M,1.46%
2018-01-08,1106.94,1102.23,1111.27,1101.62,1.05M,0.43%
2018-01-09,1106.26,1109.40,1110.57,1101.23,902.54K,-0.06%
2018-01-10,1102.61,1097.10,1104.60,1096.11,1.04M,-0.33%
2018-01-11,1105.52,1106.30,1106.53,1099.59,978.29K,0.26%
2018-01-12,1122.26,1102.41,1124.29,1101.15,1.72M,1.51%
2018-01-16,1121.76,1132.51,1139.91,1117.83,1.58M,-0.04%
2018-01-17,1131.98,1126.22,1132.60,1117.01,1.20M,0.91%
2018-01-18,1129.79,1131.41,1132.51,1117.50,1.20M,-0.19%
2018-01-19,1137.51,1131.83,1137.86,1128.30,1.78M,0.68%
2018-01-22,1155.81,1137.49,1159.88,1135.11,1.62M,1.61%
2018-01-23,1169.97,1159.85,1171.63,1158.75,1.33M,1.23%
2018-01-24,1164.24,1177.33,1179.86,1161.05,1.42M,-0.49%
2018-01-25,1170.37,1172.53,1175.94,1162.76,1.48M,0.53%
2018-01-26,1175.84,1175.08,1175.84,1158.11,2.02M,0.47%
2018-01-29,1175.58,1176.48,1186.89,1171.98,1.38M,-0.02%
2018-01-30,1163.69,1167.83,1176.52,1163.52,1.56M,-1.01%
2018-01-31,1169.94,1170.57,1173.00,1159.13,1.54M,0.54%
2018-02-01,1167.70,1162.61,1174.00,1157.52,2.41M,-0.19%
2018-02-02,1111.90,1122.00,1123.07,1107.28,4.86M,-4.78%
2018-02-05,1055.80,1090.60,1110.00,1052.03,3.80M,-5.05%
2018-02-06,1080.60,1027.18,1081.71,1023.14,3.45M,2.35%
2018-02-07,1048.58,1081.54,1081.78,1048.26,2.37M,-2.96%
2018-02-08,1001.52,1055.41,1058.62,1000.66,2.86M,-4.49%
2018-02-09,1037.78,1017.25,1043.97,992.56,3.51M,3.62%
2018-02-12,1051.94,1048.00,1061.50,1040.93,2.06M,1.36%
2018-02-13,1052.10,1045.00,1058.37,1044.09,1.27M,0.02%
2018-02-14,1069.70,1048.95,1071.72,1046.75,1.56M,1.67%
2018-02-15,1089.52,1079.07,1091.48,1064.34,1.84M,1.85%
2018-02-16,1094.80,1088.41,1104.67,1088.31,1.68M,0.48%
2018-02-20,1102.46,1090.57,1113.95,1088.52,1.42M,0.70%
2018-02-21,1111.34,1106.47,1133.97,1106.33,1.51M,0.81%
2018-02-22,1106.63,1116.19,1122.82,1102.59,1.32M,-0.42%
2018-02-23,1126.79,1112.64,1127.28,1104.71,1.26M,1.82%
2018-02-26,1143.75,1127.80,1143.96,1126.69,1.56M,1.51%
2018-02-27,1118.29,1141.24,1144.04,1118.00,1.77M,-2.23%
2018-02-28,1104.73,1123.03,1127.53,1103.24,1.88M,-1.21%
2018-03-01,1069.52,1107.87,1110.12,1067.00,2.52M,-3.19%
2018-03-02,1078.92,1053.08,1082.00,1048.12,2.27M,0.88%
2018-03-05,1090.93,1075.14,1097.10,1069.00,1.20M,1.11%
2018-03-06,1095.06,1099.22,1101.85,1089.78,1.53M,0.38%
2018-03-07,1109.64,1089.19,1112.22,1085.48,1.29M,1.33%
2018-03-08,1126.00,1115.32,1127.60,1112.80,1.36M,1.47%
2018-03-09,1160.04,1136.00,1160.80,1132.46,2.13M,3.02%
2018-03-12,1164.50,1163.85,1177.05,1157.42,2.17M,0.38%
2018-03-13,1138.17,1170.00,1176.76,1133.33,1.91M,-2.26%
2018-03-14,1149.49,1145.21,1158.59,1141.44,1.29M,0.99%
2018-03-15,1149.58,1149.96,1161.08,1134.54,1.47M,0.01%
2018-03-16,1135.73,1154.14,1155.88,1131.96,3.09M,-1.20%
2018-03-19,1099.82,1120.01,1121.99,1089.01,2.81M,-3.16%
2018-03-20,1097.71,1099.00,1105.20,1083.46,1.83M,-0.19%
2018-03-21,1090.88,1092.74,1106.30,1085.15,1.88M,-0.62%
2018-03-22,1049.08,1081.88,1082.90,1045.91,2.67M,-3.83%
2018-03-23,1021.57,1047.03,1063.36,1021.22,2.16M,-2.62%
2018-03-26,1053.21,1046.00,1055.63,1008.40,2.67M,3.10%
2018-03-27,1005.10,1063.00,1064.84,996.92,3.10M,-4.57%
2018-03-28,1004.56,998.00,1024.23,980.64,3.37M,-0.05%
2018-03-29,1031.79,1011.63,1043.00,1002.90,2.73M,2.71%
2018-04-02,1006.47,1022.82,1034.80,990.37,2.68M,-2.45%
2018-04-03,1013.41,1013.91,1020.99,994.07,2.28M,0.69%
2018-04-04,1025.14,993.41,1028.72,993.00,2.48M,1.16%
2018-04-05,1027.81,1041.33,1042.79,1020.13,1.36M,0.26%
2018-04-06,1007.04,1020.00,1031.42,1003.03,1.75M,-2.02%
2018-04-09,1015.45,1016.80,1039.60,1014.08,1.75M,0.84%
2018-04-10,1031.64,1026.44,1036.28,1011.34,2.03M,1.59%
2018-04-11,1019.97,1027.99,1031.36,1015.87,1.48M,-1.13%
2018-04-12,1032.51,1025.04,1040.69,1021.43,1.36M,1.23%
2018-04-13,1029.27,1040.88,1046.42,1022.98,1.22M,-0.31%
2018-04-16,1037.98,1037.00,1043.24,1026.74,1.21M,0.85%
2018-04-17,1074.16,1051.37,1077.88,1048.26,2.32M,3.49%
2018-04-18,1072.08,1077.43,1077.43,1066.22,1.34M,-0.19%
2018-04-19,1087.70,1069.40,1094.16,1068.18,1.75M,1.46%
2018-04-20,1072.96,1082.00,1092.35,1069.57,1.89M,-1.36%
2018-04-23,1067.45,1077.86,1082.72,1060.70,2.34M,-0.51%
2018-04-24,1019.98,1052.00,1057.00,1010.59,4.76M,-4.45%
2018-04-25,1021.18,1025.52,1032.49,1015.31,2.39M,0.12%
2018-04-26,1040.04,1029.51,1047.98,1018.19,2.08M,1.85%
2018-04-27,1030.05,1046.00,1049.50,1025.59,1.62M,-0.96%
2018-04-30,1017.33,1030.01,1037.00,1016.85,1.67M,-1.23%
2018-05-01,1037.31,1013.66,1038.47,1008.21,1.43M,1.96%
2018-05-02,1024.38,1028.10,1040.39,1022.87,1.60M,-1.25%
2018-05-03,1023.72,1019.00,1029.67,1006.29,1.82M,-0.06%
2018-05-04,1048.21,1016.90,1048.51,1016.90,1.94M,2.39%
2018-05-07,1054.79,1049.23,1061.68,1047.10,1.47M,0.63%
2018-05-08,1053.91,1058.54,1060.55,1047.14,1.22M,-0.08%
2018-05-09,1082.76,1058.10,1085.44,1056.37,2.03M,2.74%
2018-05-10,1097.57,1086.03,1100.44,1085.64,1.44M,1.37%
2018-05-11,1098.26,1093.60,1101.33,1090.91,1.25M,0.06%
2018-05-14,1100.20,1100.00,1110.75,1099.11,1.52M,0.18%
2018-05-15,1079.23,1090.00,1090.05,1073.47,1.49M,-1.91%
2018-05-16,1081.77,1077.31,1089.27,1076.26,1.10M,0.24%
2018-05-17,1078.59,1079.89,1086.87,1073.50,1.04M,-0.29%
2018-05-18,1066.36,1061.86,1069.94,1060.68,1.57M,-1.13%
2018-05-21,1079.58,1074.06,1088.00,1073.65,1.02M,1.24%
2018-05-22,1069.73,1083.56,1086.59,1066.69,1.09M,-0.91%
2018-05-23,1079.69,1065.13,1080.78,1061.71,1.06M,0.93%
2018-05-24,1079.24,1079.00,1080.47,1066.15,766.77K,-0.04%
2018-05-25,1075.66,1079.02,1082.56,1073.78,899.41K,-0.33%
2018-05-29,1060.32,1064.89,1073.37,1055.22,1.87M,-1.43%
2018-05-30,1067.80,1063.03,1069.21,1056.83,1.14M,0.71%
2018-05-31,1084.99,1067.56,1097.19,1067.56,3.09M,1.61%
2018-06-01,1119.50,1099.35,1120.00,1098.50,2.42M,3.18%
2018-06-04,1139.29,1122.33,1141.89,1122.01,1.89M,1.77%
2018-06-05,1139.66,1140.99,1145.74,1133.19,1.68M,0.03%
2018-06-06,1136.88,1142.17,1143.00,1125.74,1.70M,-0.24%
2018-06-07,1123.86,1131.32,1135.82,1116.52,1.52M,-1.15%
2018-06-08,1120.87,1118.18,1126.67,1112.15,1.29M,-0.27%
2018-06-11,1129.99,1118.60,1137.26,1118.60,1.08M,0.81%
2018-06-12,1139.32,1131.07,1139.79,1130.73,912.02K,0.83%
2018-06-13,1134.79,1141.12,1146.50,1133.38,1.51M,-0.40%
2018-06-14,1152.12,1143.85,1155.47,1140.64,1.35M,1.53%
2018-06-15,1152.26,1148.86,1153.42,1143.48,2.12M,0.01%
2018-06-18,1173.46,1143.65,1174.31,1143.59,1.41M,1.84%
2018-06-19,1168.06,1158.50,1171.27,1154.01,1.62M,-0.46%
2018-06-20,1169.84,1175.31,1186.29,1169.16,1.65M,0.15%
2018-06-21,1157.66,1174.85,1177.30,1152.23,1.24M,-1.04%
2018-06-22,1155.48,1159.14,1162.50,1147.26,1.31M,-0.19%
2018-06-25,1124.81,1143.60,1143.91,1112.78,2.16M,-2.65%
2018-06-26,1118.46,1128.00,1133.21,1116.66,1.56M,-0.56%
2018-06-27,1103.98,1121.34,1131.84,1103.62,1.29M,-1.29%
2018-06-28,1114.22,1102.09,1122.31,1096.01,1.07M,0.93%
2018-06-29,1115.65,1120.00,1128.23,1115.00,1.32M,0.13%
2018-07-02,1127.46,1099.00,1128.00,1093.80,1.22M,1.06%
2018-07-03,1102.89,1135.82,1135.82,1100.02,679.03K,-2.18%
2018-07-05,1124.27,1110.53,1127.50,1108.48,1.07M,1.94%
2018-07-06,1140.17,1123.58,1140.93,1120.74,996.08K,1.41%
2018-07-09,1154.05,1148.48,1154.67,1143.42,908.97K,1.22%
2018-07-10,1152.84,1156.98,1159.59,1149.59,798.41K,-0.10%
2018-07-11,1153.90,1144.59,1164.29,1141.00,1.12M,0.09%
2018-07-12,1183.48,1159.89,1184.41,1155.93,1.25M,2.56%
2018-07-13,1188.82,1185.00,1195.42,1180.00,1.22M,0.45%
2018-07-16,1183.86,1189.39,1191.00,1179.28,1.06M,-0.42%
2018-07-17,1198.80,1172.22,1203.04,1170.60,1.61M,1.26%
2018-07-18,1195.88,1196.56,1204.50,1190.34,1.39M,-0.24%
2018-07-19,1186.96,1191.00,1200.00,1183.32,1.28M,-0.75%
2018-07-20,1184.91,1186.96,1196.86,1184.22,1.25M,-0.17%
2018-07-23,1205.50,1181.01,1206.49,1181.00,2.62M,1.74%
2018-07-24,1248.08,1262.59,1266.00,1235.56,3.32M,3.53%
2018-07-25,1263.70,1239.13,1265.86,1239.13,2.14M,1.25%
2018-07-26,1268.33,1251.00,1269.77,1249.02,2.41M,0.37%
2018-07-27,1238.50,1271.00,1273.89,1231.00,2.13M,-2.35%
2018-07-30,1219.74,1228.01,1234.92,1211.47,1.85M,-1.51%
2018-07-31,1217.26,1220.01,1227.59,1205.60,1.64M,-0.20%
2018-08-01,1220.01,1228.00,1233.47,1210.21,1.57M,0.23%
2018-08-02,1226.15,1205.90,1229.88,1204.79,1.53M,0.50%
2018-08-03,1223.71,1229.62,1230.00,1215.06,1.09M,-0.20%
2018-08-06,1224.77,1225.00,1226.09,1215.80,1.08M,0.09%
2018-08-07,1242.22,1237.00,1251.17,1236.17,1.49M,1.42%
2018-08-08,1245.61,1240.47,1256.50,1238.01,1.37M,0.27%
2018-08-09,1249.10,1249.90,1255.54,1246.01,848.60K,0.28%
2018-08-10,1237.61,1243.00,1245.69,1232.00,1.11M,-0.92%
2018-08-13,1235.01,1236.98,1249.27,1233.64,997.35K,-0.21%
2018-08-14,1242.10,1235.19,1245.87,1225.11,1.35M,0.57%
2018-08-15,1214.38,1229.26,1235.24,1209.51,1.83M,-2.23%
2018-08-16,1206.49,1224.73,1226.00,1202.55,1.34M,-0.65%
2018-08-17,1200.96,1202.03,1209.02,1188.24,1.39M,-0.46%
2018-08-20,1207.77,1205.02,1211.00,1194.63,870.77K,0.57%
2018-08-21,1201.62,1208.00,1217.26,1200.35,1.21M,-0.51%
2018-08-22,1207.33,1200.00,1211.84,1199.00,887.39K,0.48%
2018-08-23,1205.38,1207.14,1221.28,1204.24,992.60K,-0.16%
2018-08-24,1220.65,1208.82,1221.65,1206.36,946.84K,1.27%
2018-08-27,1241.82,1227.60,1243.09,1225.72,1.16M,1.73%
2018-08-28,1231.15,1241.29,1242.55,1228.69,1.30M,-0.86%
2018-08-29,1249.30,1237.45,1250.66,1236.36,1.31M,1.47%
2018-08-30,1239.12,1244.23,1253.63,1232.59,1.33M,-0.81%
2018-08-31,1218.19,1234.98,1238.66,1211.29,1.82M,-1.69%
2018-09-04,1197.00,1204.27,1212.99,1192.50,1.83M,-1.74%
2018-09-05,1186.48,1193.80,1199.01,1162.00,2.06M,-0.88%
2018-09-06,1171.44,1186.30,1186.30,1152.00,1.89M,-1.27%
2018-09-07,1164.83,1158.67,1175.26,1157.21,1.40M,-0.56%
2018-09-10,1164.64,1172.19,1174.54,1160.11,1.12M,-0.02%
2018-09-11,1177.36,1161.63,1178.68,1156.24,1.21M,1.09%
2018-09-12,1162.82,1172.72,1178.61,1158.36,1.30M,-1.23%
2018-09-13,1175.33,1170.74,1178.61,1162.85,1.43M,1.08%
2018-09-14,1172.53,1179.10,1180.42,1168.33,943.98K,-0.24%
2018-09-17,1156.05,1170.14,1177.24,1154.03,1.31M,-1.41%
2018-09-18,1161.22,1157.09,1176.08,1157.09,1.20M,0.45%
2018-09-19,1171.09,1164.98,1173.21,1154.58,1.19M,0.85%
2018-09-20,1186.87,1179.99,1189.89,1173.36,1.23M,1.35%
2018-09-21,1166.09,1192.00,1192.21,1166.04,4.41M,-1.75%
2018-09-24,1173.37,1157.17,1178.00,1146.91,1.27M,0.62%
2018-09-25,1184.65,1176.15,1186.88,1168.00,977.73K,0.96%
2018-09-26,1180.49,1185.15,1194.23,1174.77,1.46M,-0.35%
2018-09-27,1194.64,1186.73,1202.10,1183.63,1.26M,1.20%
2018-09-28,1193.47,1191.87,1195.41,1184.50,1.38M,-0.10%
2018-10-01,1195.31,1199.89,1209.90,1190.30,1.36M,0.15%
2018-10-02,1200.11,1190.96,1209.96,1186.63,1.69M,0.40%
2018-10-03,1202.95,1205.00,1206.41,1193.83,1.26M,0.24%
2018-10-04,1168.19,1195.33,1197.51,1155.58,2.21M,-2.89%
2018-10-05,1157.35,1167.50,1173.50,1145.12,1.18M,-0.93%
2018-10-08,1148.97,1150.11,1168.00,1127.36,1.93M,-0.72%
2018-10-09,1138.82,1146.15,1154.35,1137.57,1.31M,-0.88%
2018-10-10,1081.22,1131.08,1132.17,1081.13,2.68M,-5.06%
2018-10-11,1079.32,1072.94,1106.40,1068.27,2.95M,-0.18%
2018-10-12,1110.08,1108.00,1115.00,1086.40,2.10M,2.85%
2018-10-15,1092.25,1108.91,1113.45,1089.00,1.37M,-1.61%
2018-10-16,1121.28,1104.59,1124.22,1102.50,1.93M,2.66%
2018-10-17,1115.69,1126.46,1128.99,1102.19,1.47M,-0.50%
2018-10-18,1087.97,1121.84,1121.84,1077.09,2.09M,-2.48%
2018-10-19,1096.46,1093.37,1110.36,1087.75,1.27M,0.78%
2018-10-22,1101.16,1103.06,1112.23,1091.00,1.51M,0.43%
2018-10-23,1103.69,1080.89,1107.89,1070.00,1.85M,0.23%
2018-10-24,1050.71,1104.25,1106.12,1048.74,1.98M,-4.80%
2018-10-25,1095.57,1071.79,1110.98,1069.55,2.55M,4.27%
2018-10-26,1071.47,1037.03,1106.53,1034.09,4.19M,-2.20%
2018-10-29,1020.08,1082.47,1097.04,995.83,3.88M,-4.80%
2018-10-30,1036.21,1008.46,1037.49,1000.75,3.21M,1.58%
2018-10-31,1076.77,1059.81,1091.94,1057.00,2.53M,3.91%
2018-11-01,1070.00,1075.80,1083.97,1062.46,1.48M,-0.63%
2018-11-02,1057.79,1073.73,1082.97,1054.61,1.84M,-1.14%
2018-11-05,1040.09,1055.00,1058.47,1021.24,2.44M,-1.67%
2018-11-06,1055.81,1039.48,1064.35,1038.07,1.23M,1.51%
2018-11-07,1093.39,1069.00,1095.46,1065.90,2.06M,3.56%
2018-11-08,1082.40,1091.38,1093.27,1072.20,1.49M,-1.01%
2018-11-09,1066.15,1073.99,1075.56,1053.11,1.34M,-1.50%
2018-11-12,1038.63,1061.39,1062.12,1031.00,1.47M,-2.58%
2018-11-13,1036.05,1043.29,1056.61,1031.15,1.51M,-0.25%
2018-11-14,1043.66,1050.00,1054.56,1031.00,1.57M,0.73%
2018-11-15,1064.71,1044.71,1071.85,1031.78,1.84M,2.02%
2018-11-16,1061.49,1059.41,1067.00,1048.98,1.66M,-0.30%
2018-11-19,1020.00,1057.20,1060.79,1016.26,1.86M,-3.91%
2018-11-20,1025.76,1000.00,1031.74,996.02,2.45M,0.56%
2018-11-21,1037.61,1036.76,1048.56,1033.47,1.53M,1.16%
2018-11-23,1023.88,1030.00,1037.59,1022.40,691.46K,-1.32%
2018-11-26,1048.62,1038.35,1049.31,1033.91,1.94M,2.42%
2018-11-27,1044.41,1041.00,1057.58,1038.49,1.80M,-0.40%
2018-11-28,1086.23,1048.76,1086.84,1035.76,2.48M,4.00%
2018-11-29,1088.30,1076.08,1094.24,1076.00,1.47M,0.19%
2018-11-30,1094.43,1089.07,1095.57,1077.88,2.58M,0.56%
2018-12-03,1106.43,1123.14,1124.65,1103.66,1.99M,1.10%
2018-12-04,1050.82,1103.12,1104.42,1049.98,2.35M,-5.03%
2018-12-06,1068.73,1034.26,1071.20,1030.77,2.77M,1.70%
2018-12-07,1036.58,1060.01,1075.26,1028.50,2.10M,-3.01%
2018-12-10,1039.55,1035.05,1048.45,1023.29,1.81M,0.29%
2018-12-11,1051.75,1056.49,1060.60,1039.84,1.39M,1.17%
2018-12-12,1063.68,1068.00,1081.65,1062.79,1.52M,1.13%
2018-12-13,1061.90,1068.07,1079.76,1053.93,1.33M,-0.17%
2018-12-14,1042.10,1049.98,1062.60,1040.79,1.69M,-1.86%
2018-12-17,1016.53,1037.51,1053.15,1007.90,2.39M,-2.45%
2018-12-18,1028.71,1026.09,1049.48,1021.44,2.19M,1.20%
2018-12-19,1023.01,1033.99,1062.00,1008.05,2.48M,-0.55%
2018-12-20,1009.41,1018.13,1034.22,996.36,2.67M,-1.33%
2018-12-21,979.54,1015.30,1024.02,973.69,4.60M,-2.96%
2018-12-24,976.22,973.90,1003.54,970.11,1.59M,-0.34%
2018-12-26,1039.46,989.01,1040.00,983.00,2.37M,6.48%
2018-12-27,1043.88,1017.15,1043.89,997.00,2.11M,0.43%
2018-12-28,1037.08,1049.62,1055.56,1033.10,1.41M,-0.65%
2018-12-31,1035.61,1050.96,1052.70,1023.59,1.49M,-0.14%
2019-01-02,1045.85,1016.57,1052.32,1015.71,1.53M,0.99%
2019-01-03,1016.06,1041.00,1056.98,1014.07,1.84M,-2.85%
2019-01-04,1070.71,1032.59,1070.84,1027.42,2.09M,5.38%
2019-01-07,1068.39,1071.50,1074.00,1054.76,1.98M,-0.22%
2019-01-08,1076.28,1076.11,1084.56,1060.53,1.77M,0.74%
2019-01-09,1074.66,1081.65,1082.63,1066.40,1.20M,-0.15%
2019-01-10,1070.33,1067.66,1071.15,1057.71,1.46M,-0.40%
2019-01-11,1057.19,1063.18,1063.78,1048.48,1.52M,-1.23%
2019-01-14,1044.69,1046.92,1051.53,1041.26,1.14M,-1.18%
2019-01-15,1077.15,1050.17,1080.05,1047.34,1.46M,3.11%
2019-01-16,1080.97,1080.00,1092.38,1079.34,1.33M,0.35%
2019-01-17,1089.90,1079.47,1091.80,1073.50,1.24M,0.83%
2019-01-18,1098.26,1100.00,1108.35,1090.90,1.96M,0.77%
2019-01-22,1070.52,1088.00,1091.51,1063.47,1.61M,-2.53%
2019-01-23,1075.57,1077.35,1084.93,1059.75,966.96K,0.47%
2019-01-24,1073.90,1076.48,1079.47,1060.70,1.36M,-0.16%
2019-01-25,1090.99,1085.00,1094.00,1081.82,1.12M,1.59%
2019-01-28,1070.08,1080.11,1083.00,1063.80,1.28M,-1.92%
2019-01-29,1060.62,1072.68,1075.15,1055.86,1.02M,-0.88%
2019-01-30,1089.06,1068.43,1091.00,1066.85,1.28M,2.68%
2019-01-31,1116.37,1103.00,1117.33,1095.41,1.54M,2.51%
2019-02-01,1110.75,1112.40,1125.00,1104.89,1.46M,-0.50%
2019-02-04,1132.80,1112.66,1132.80,1109.02,2.58M,1.99%
2019-02-05,1145.99,1124.84,1146.85,1117.25,3.55M,1.16%
2019-02-06,1115.23,1139.57,1147.00,1112.77,2.11M,-2.68%
2019-02-07,1098.71,1104.16,1104.84,1086.00,2.04M,-1.48%
2019-02-08,1095.06,1087.00,1098.91,1086.55,1.08M,-0.33%
2019-02-11,1095.01,1096.95,1105.94,1092.86,1.07M,0.00%
2019-02-12,1121.37,1106.80,1125.30,1105.85,1.61M,2.41%
2019-02-13,1120.16,1124.99,1134.73,1118.50,1.05M,-0.11%
2019-02-14,1121.67,1118.05,1128.23,1110.44,947.63K,0.13%
2019-02-15,1113.65,1130.08,1131.67,1110.65,1.45M,-0.72%
2019-02-19,1118.56,1110.00,1121.89,1110.00,1.05M,0.44%
2019-02-20,1113.80,1119.99,1123.41,1105.28,1.09M,-0.43%
2019-02-21,1096.97,1110.84,1111.94,1092.52,1.42M,-1.51%
2019-02-22,1110.37,1100.90,1111.24,1095.60,1.05M,1.22%
2019-02-25,1109.40,1116.00,1118.54,1107.27,1.41M,-0.09%
2019-02-26,1115.13,1105.75,1119.51,1099.92,1.47M,0.52%
2019-02-27,1116.05,1106.95,1117.98,1101.00,968.76K,0.08%
2019-02-28,1119.92,1111.30,1127.65,1111.01,1.54M,0.35%
2019-03-01,1140.99,1124.90,1142.97,1124.75,1.45M,1.88%
2019-03-04,1147.80,1146.99,1158.28,1130.69,1.45M,0.60%
2019-03-05,1162.03,1150.06,1169.61,1146.19,1.44M,1.24%
2019-03-06,1157.86,1162.49,1167.57,1155.49,1.10M,-0.36%
2019-03-07,1143.30,1155.72,1156.76,1134.91,1.17M,-1.26%
2019-03-08,1142.32,1126.73,1147.08,1123.30,1.21M,-0.09%
2019-03-11,1175.76,1144.45,1176.19,1144.45,1.72M,2.93%
2019-03-12,1193.20,1178.26,1200.00,1178.26,2.01M,1.48%
2019-03-13,1193.32,1200.64,1200.93,1191.94,1.44M,0.01%
2019-03-14,1185.55,1194.51,1197.88,1184.48,1.17M,-0.65%
2019-03-15,1184.46,1193.38,1196.57,1182.61,2.46M,-0.09%
2019-03-18,1184.26,1183.30,1190.00,1177.42,1.29M,-0.02%
2019-03-19,1198.85,1188.81,1200.00,1185.87,1.52M,1.23%
2019-03-20,1223.97,1197.35,1227.14,1196.17,2.23M,2.10%
2019-03-21,1231.54,1216.00,1231.79,1213.15,1.20M,0.62%
2019-03-22,1205.50,1226.32,1230.00,1202.83,1.71M,-2.11%
2019-03-25,1193.00,1196.93,1206.40,1187.04,1.50M,-1.04%
2019-03-26,1184.62,1198.53,1202.83,1176.72,1.90M,-0.70%
2019-03-27,1173.02,1185.50,1187.56,1159.37,1.40M,-0.98%
2019-03-28,1168.49,1171.54,1171.57,1159.43,1.01M,-0.39%
2019-03-29,1173.31,1174.90,1178.99,1162.88,1.27M,0.41%
2019-04-01,1194.43,1184.10,1196.66,1182.00,1.25M,1.80%
2019-04-02,1200.49,1195.32,1201.35,1185.71,827.97K,0.51%
2019-04-03,1205.92,1207.48,1216.30,1200.50,1.02M,0.45%
2019-04-04,1215.00,1205.94,1215.67,1204.13,950.75K,0.75%
2019-04-05,1207.15,1214.99,1216.22,1205.03,907.15K,-0.65%
2019-04-08,1203.84,1207.89,1208.69,1199.86,860.36K,-0.27%
2019-04-09,1197.25,1196.00,1202.29,1193.08,876.38K,-0.55%
2019-04-10,1202.16,1200.68,1203.79,1196.43,724.64K,0.41%
2019-04-11,1204.62,1203.96,1207.96,1200.13,710.23K,0.20%
2019-04-12,1217.87,1210.00,1218.35,1208.11,933.79K,1.10%
2019-04-15,1221.10,1218.00,1224.20,1209.11,1.19M,0.27%
2019-04-16,1227.13,1225.00,1230.82,1220.12,856.30K,0.49%
2019-04-17,1236.34,1233.00,1240.56,1227.82,1.22M,0.75%
2019-04-18,1236.37,1239.18,1242.00,1234.61,1.33M,0.00%
2019-04-22,1248.84,1235.99,1249.09,1228.31,807.33K,1.01%
2019-04-23,1264.55,1250.69,1269.00,1246.38,1.32M,1.26%
2019-04-24,1256.00,1264.12,1268.01,1255.00,1.02M,-0.68%
2019-04-25,1263.45,1264.77,1267.41,1252.03,1.11M,0.59%
2019-04-26,1272.18,1269.00,1273.07,1260.32,1.24M,0.69%
2019-04-29,1287.58,1274.00,1289.27,1266.29,2.50M,1.21%
2019-04-30,1188.48,1185.00,1192.81,1175.00,6.21M,-7.70%
2019-05-01,1168.08,1188.05,1188.05,1167.18,2.64M,-1.72%
2019-05-02,1162.61,1167.76,1174.19,1155.00,1.94M,-0.47%
2019-05-03,1185.40,1173.65,1186.80,1169.00,1.98M,1.96%
2019-05-06,1189.39,1166.26,1190.85,1166.26,1.56M,0.34%
2019-05-07,1174.10,1180.47,1190.44,1161.04,1.55M,-1.29%
2019-05-08,1166.27,1172.01,1180.42,1165.74,1.31M,-0.67%
2019-05-09,1162.38,1159.03,1169.66,1150.85,1.19M,-0.33%
2019-05-10,1164.27,1163.59,1172.60,1142.50,1.31M,0.16%
2019-05-13,1132.03,1141.96,1147.94,1122.11,1.86M,-2.77%
2019-05-14,1120.44,1137.21,1140.42,1119.55,1.84M,-1.02%
2019-05-15,1164.21,1117.87,1171.33,1116.67,2.29M,3.91%
2019-05-16,1178.98,1164.51,1188.16,1162.84,1.53M,1.27%
2019-05-17,1162.30,1168.47,1180.15,1160.01,1.21M,-1.41%
2019-05-20,1138.85,1144.50,1146.80,1131.44,1.35M,-2.02%
2019-05-21,1149.63,1148.49,1152.71,1137.94,1.16M,0.95%
2019-05-22,1151.42,1146.75,1158.52,1145.89,914.84K,0.16%
2019-05-23,1140.77,1140.50,1145.97,1129.22,1.20M,-0.92%
2019-05-24,1133.47,1147.36,1149.77,1131.66,1.11M,-0.64%
2019-05-28,1134.15,1134.00,1151.59,1133.12,1.37M,0.06%
2019-05-29,1116.46,1127.52,1129.10,1108.22,1.54M,-1.56%
2019-05-30,1117.95,1115.54,1123.13,1112.12,951.87K,0.13%
2019-05-31,1103.63,1101.29,1109.60,1100.18,1.51M,-1.28%
2019-06-03,1036.23,1065.50,1065.50,1025.00,5.13M,-6.11%
2019-06-04,1053.05,1042.90,1056.05,1033.69,2.83M,1.62%
2019-06-05,1042.22,1051.54,1053.55,1030.49,2.17M,-1.03%
2019-06-06,1044.34,1044.99,1047.49,1033.70,1.70M,0.20%
2019-06-07,1066.04,1050.63,1070.92,1048.40,1.80M,2.08%
2019-06-10,1080.38,1072.98,1092.66,1072.32,1.46M,1.35%
2019-06-11,1078.72,1093.98,1101.99,1077.60,1.44M,-0.15%
2019-06-12,1077.03,1078.00,1080.93,1067.54,1.06M,-0.16%
2019-06-13,1088.77,1083.64,1094.17,1080.15,1.06M,1.09%
2019-06-14,1085.35,1086.42,1092.69,1080.17,1.11M,-0.31%
2019-06-17,1092.50,1086.28,1099.18,1086.28,941.60K,0.66%
2019-06-18,1103.60,1109.69,1116.39,1098.99,1.39M,1.02%
2019-06-19,1102.33,1105.60,1107.00,1093.48,1.34M,-0.12%
2019-06-20,1111.42,1119.99,1120.12,1104.74,1.26M,0.82%
2019-06-21,1121.88,1109.24,1124.11,1108.08,1.95M,0.94%
2019-06-24,1115.52,1119.61,1122.00,1111.01,1.40M,-0.57%
2019-06-25,1086.35,1112.66,1114.35,1083.80,1.55M,-2.61%
2019-06-26,1079.80,1086.50,1092.97,1072.24,1.81M,-0.60%
2019-06-27,1076.01,1084.00,1087.10,1075.29,1.00M,-0.35%
2019-06-28,1080.91,1076.39,1081.00,1073.37,1.69M,0.46%
2019-07-01,1097.95,1098.00,1107.58,1093.70,1.44M,1.58%
2019-07-02,1111.25,1102.24,1111.77,1098.17,991.76K,1.21%
2019-07-03,1121.58,1117.41,1126.76,1113.86,767.01K,0.93%
2019-07-05,1131.59,1117.80,1132.88,1116.14,1.26M,0.89%
2019-07-08,1116.35,1125.17,1125.98,1111.21,1.24M,-1.35%
2019-07-09,1124.83,1111.80,1128.03,1107.17,1.33M,0.76%
2019-07-10,1140.48,1131.22,1142.05,1130.97,1.21M,1.39%
2019-07-11,1144.21,1143.25,1153.07,1139.58,1.20M,0.33%
2019-07-12,1144.90,1143.99,1147.34,1138.78,863.97K,0.06%
2019-07-15,1150.34,1146.86,1150.82,1139.40,903.78K,0.48%
2019-07-16,1153.58,1146.00,1158.58,1145.00,1.24M,0.28%
2019-07-17,1146.35,1150.97,1158.36,1145.77,1.17M,-0.63%
2019-07-18,1146.33,1141.74,1147.61,1132.73,1.29M,0.00%
2019-07-19,1130.10,1148.19,1151.14,1129.62,1.65M,-1.42%
2019-07-22,1138.07,1133.45,1139.25,1124.24,1.30M,0.71%
2019-07-23,1146.21,1144.00,1146.90,1131.80,1.09M,0.72%
2019-07-24,1137.81,1131.90,1144.00,1126.99,1.59M,-0.73%
2019-07-25,1132.12,1137.82,1141.70,1120.92,2.21M,-0.50%
2019-07-26,1250.41,1224.04,1265.55,1224.00,4.81M,10.45%
2019-07-29,1239.41,1241.05,1247.37,1228.23,2.22M,-0.88%
2019-07-30,1225.14,1225.41,1234.87,1223.30,1.45M,-1.15%
2019-07-31,1216.68,1223.00,1234.00,1207.76,1.73M,-0.69%
2019-08-01,1209.01,1214.03,1234.11,1205.72,1.70M,-0.63%
2019-08-02,1193.99,1200.74,1206.90,1188.94,1.65M,-1.24%
2019-08-05,1152.32,1170.04,1175.24,1140.14,2.60M,-3.49%
2019-08-06,1169.95,1163.31,1179.96,1160.00,1.71M,1.53%
2019-08-07,1173.99,1156.00,1178.45,1149.62,1.44M,0.35%
2019-08-08,1204.80,1182.83,1205.01,1173.02,1.47M,2.62%
2019-08-09,1188.01,1197.99,1203.88,1183.60,1.07M,-1.39%
2019-08-12,1174.71,1179.21,1184.96,1167.67,1.00M,-1.12%
2019-08-13,1197.27,1171.46,1204.78,1171.46,1.32M,1.92%
2019-08-14,1164.29,1176.31,1182.30,1160.54,1.58M,-2.75%
2019-08-15,1167.26,1163.50,1175.84,1162.11,1.22M,0.26%
2019-08-16,1177.60,1179.55,1182.72,1171.81,1.35M,0.89%
2019-08-19,1198.45,1190.09,1206.99,1190.09,1.23M,1.77%
2019-08-20,1182.69,1195.25,1196.06,1182.11,915.61K,-1.32%
2019-08-21,1191.25,1193.15,1199.00,1187.43,741.05K,0.72%
2019-08-22,1189.53,1194.07,1198.01,1178.58,947.91K,-0.14%
2019-08-23,1151.29,1181.99,1194.08,1147.75,1.69M,-3.21%
2019-08-26,1168.89,1157.26,1169.47,1152.96,1.23M,1.53%
2019-08-27,1167.84,1180.53,1182.40,1161.45,1.08M,-0.09%
2019-08-28,1171.02,1161.71,1176.42,1157.30,802.24K,0.27%
2019-08-29,1192.85,1181.12,1196.06,1181.12,1.09M,1.86%
2019-08-30,1188.10,1198.50,1198.50,1183.80,1.13M,-0.40%
2019-09-03,1168.39,1177.03,1186.89,1163.20,1.48M,-1.66%
2019-09-04,1181.41,1176.71,1183.48,1171.00,1.07M,1.11%
2019-09-05,1211.38,1191.53,1213.04,1191.53,1.41M,2.54%
2019-09-06,1204.93,1208.13,1212.02,1202.52,1.07M,-0.53%
2019-09-09,1204.41,1204.00,1220.00,1192.62,1.47M,-0.04%
2019-09-10,1206.00,1195.15,1210.00,1194.58,1.26M,0.13%
2019-09-11,1220.17,1203.41,1222.60,1202.20,1.31M,1.17%
2019-09-12,1234.25,1224.30,1241.86,1223.02,1.73M,1.15%
2019-09-13,1239.56,1231.35,1240.88,1227.01,1.30M,0.43%
2019-09-16,1231.30,1229.52,1239.56,1225.61,1.05M,-0.67%
2019-09-17,1229.15,1230.40,1235.00,1223.69,958.11K,-0.17%
2019-09-18,1232.41,1227.51,1235.61,1216.53,1.14M,0.27%
2019-09-19,1238.71,1232.06,1244.44,1232.02,1.00M,0.51%
2019-09-20,1229.93,1233.12,1243.32,1223.08,2.34M,-0.71%
2019-09-23,1234.03,1226.00,1239.09,1224.17,1.08M,0.33%
2019-09-24,1218.76,1240.00,1246.74,1210.68,1.59M,-1.24%
2019-09-25,1246.52,1215.82,1248.30,1210.09,1.59M,2.28%
2019-09-26,1241.39,1241.96,1245.00,1232.27,1.56M,-0.41%
2019-09-27,1225.09,1243.01,1244.02,1214.45,1.35M,-1.31%
2019-09-30,1219.00,1220.97,1226.00,1212.30,1.42M,-0.50%
2019-10-01,1205.10,1219.00,1231.23,1203.58,1.36M,-1.14%
2019-10-02,1176.63,1196.98,1196.99,1171.29,1.64M,-2.36%
2019-10-03,1187.83,1180.00,1189.06,1162.43,1.66M,0.95%
2019-10-04,1209.00,1191.89,1211.44,1189.17,1.18M,1.78%
2019-10-07,1207.68,1204.40,1218.20,1203.75,867.15K,-0.11%
2019-10-08,1189.13,1197.59,1206.08,1189.01,1.14M,-1.54%
2019-10-09,1202.31,1199.35,1208.35,1197.63,876.63K,1.11%
2019-10-10,1208.67,1198.58,1215.00,1197.34,932.53K,0.53%
2019-10-11,1215.45,1222.21,1228.39,1213.74,1.28M,0.56%
2019-10-14,1217.14,1212.34,1226.33,1211.76,882.04K,0.14%
2019-10-15,1243.01,1220.40,1247.33,1220.40,1.40M,2.13%
2019-10-16,1243.64,1241.17,1254.74,1238.45,1.17M,0.05%
2019-10-17,1253.07,1250.93,1263.33,1249.94,980.51K,0.76%
2019-10-18,1245.49,1253.46,1258.89,1241.08,1.35M,-0.60%
2019-10-21,1246.15,1252.26,1254.63,1240.60,1.04M,0.05%
2019-10-22,1242.80,1247.85,1250.60,1241.38,1.05M,-0.27%
2019-10-23,1259.13,1242.36,1259.89,1242.36,928.60K,1.31%
2019-10-24,1260.99,1260.90,1264.00,1253.71,1.04M,0.15%
2019-10-25,1265.13,1251.03,1269.60,1250.01,1.21M,0.33%
2019-10-28,1290.00,1275.45,1299.31,1272.54,2.61M,1.97%
2019-10-29,1262.62,1276.23,1281.59,1257.21,1.89M,-2.12%
2019-10-30,1261.29,1252.97,1269.36,1252.00,1.41M,-0.11%
2019-10-31,1260.11,1261.28,1267.67,1250.84,1.46M,-0.09%
2019-11-01,1273.74,1265.00,1274.62,1260.50,1.67M,1.08%
2019-11-04,1291.37,1276.45,1294.13,1276.36,1.50M,1.38%
2019-11-05,1292.03,1292.89,1298.93,1291.23,1.28M,0.05%
2019-11-06,1291.80,1289.46,1293.73,1282.50,1.15M,-0.02%
2019-11-07,1308.86,1294.28,1323.74,1294.24,2.03M,1.32%
2019-11-08,1311.37,1305.28,1318.00,1304.37,1.25M,0.19%
2019-11-11,1299.19,1303.18,1306.42,1297.41,1.01M,-0.93%
2019-11-12,1298.80,1300.00,1310.00,1295.77,1.09M,-0.03%
2019-11-13,1298.00,1294.07,1304.30,1293.51,853.86K,-0.06%
2019-11-14,1311.46,1297.50,1317.00,1295.65,1.19M,1.04%
2019-11-15,1334.87,1318.94,1334.88,1314.28,1.78M,1.79%
2019-11-18,1320.70,1332.22,1335.53,1317.50,1.49M,-1.06%
2019-11-19,1315.46,1327.70,1327.70,1312.80,1.27M,-0.40%
2019-11-20,1303.05,1311.74,1315.00,1291.15,1.31M,-0.94%
2019-11-21,1301.35,1301.48,1312.59,1293.00,995.50K,-0.13%
2019-11-22,1295.34,1305.62,1308.73,1291.41,1.39M,-0.46%
2019-11-25,1306.69,1299.18,1311.31,1298.13,1.04M,0.88%
2019-11-26,1313.55,1309.86,1314.80,1305.09,1.07M,0.52%
2019-11-27,1312.99,1315.00,1318.36,1309.63,996.33K,-0.04%
2019-11-29,1304.96,1307.12,1310.20,1303.97,586.98K,-0.61%
2019-12-02,1289.92,1301.00,1305.83,1281.00,1.51M,-1.15%
2019-12-03,1295.28,1279.57,1298.46,1279.00,1.27M,0.42%
2019-12-04,1320.54,1307.01,1325.80,1304.87,1.54M,1.95%
2019-12-05,1328.13,1328.00,1329.36,1316.44,1.21M,0.57%
2019-12-06,1340.62,1333.44,1344.00,1333.44,1.32M,0.94%
2019-12-09,1343.56,1338.04,1359.45,1337.84,1.36M,0.22%
2019-12-10,1344.66,1341.50,1349.97,1336.04,1.09M,0.08%
2019-12-11,1345.02,1350.84,1351.20,1342.67,850.80K,0.03%
2019-12-12,1350.27,1345.94,1355.78,1340.50,1.28M,0.39%
2019-12-13,1347.83,1347.95,1353.09,1343.87,1.55M,-0.18%
2019-12-16,1361.17,1356.50,1364.68,1352.67,1.40M,0.99%
2019-12-17,1355.12,1362.89,1365.00,1351.32,1.86M,-0.44%
2019-12-18,1352.62,1356.60,1360.47,1351.00,1.66M,-0.18%
2019-12-19,1356.04,1351.82,1358.10,1348.98,1.47M,0.25%
2019-12-20,1349.59,1363.35,1363.64,1349.00,3.32M,-0.48%
2019-12-23,1348.84,1355.87,1359.80,1346.51,883.20K,-0.06%
2019-12-24,1343.56,1348.50,1350.26,1342.78,347.52K,-0.39%
2019-12-26,1360.40,1346.17,1361.33,1344.47,667.75K,1.25%
2019-12-27,1351.89,1362.99,1364.53,1349.31,1.04M,-0.63%
2019-12-30,1336.14,1350.00,1353.00,1334.02,1.05M,-1.17%
2019-12-31,1337.02,1330.11,1338.00,1329.09,962.47K,0.07%
2020-01-02,1367.37,1341.55,1368.14,1341.55,1.41M,2.27%
2020-01-03,1360.66,1347.86,1372.50,1345.54,1.19M,-0.49%
2020-01-06,1394.21,1350.00,1396.50,1350.00,1.73M,2.47%
2020-01-07,1393.34,1397.94,1402.99,1390.38,1.51M,-0.06%
2020-01-08,1404.32,1392.08,1411.58,1390.84,1.53M,0.79%
2020-01-09,1419.83,1420.57,1427.33,1410.27,1.50M,1.10%
2020-01-10,1429.73,1427.56,1434.93,1418.35,1.82M,0.70%
2020-01-13,1439.23,1436.13,1440.52,1426.02,1.65M,0.66%
2020-01-14,1430.88,1439.01,1441.80,1428.37,1.56M,-0.58%
2020-01-15,1439.20,1430.21,1441.39,1430.21,1.28M,0.58%
2020-01-16,1451.70,1447.44,1451.99,1440.92,1.17M,0.87%
2020-01-17,1480.39,1462.91,1481.30,1458.22,2.40M,1.98%
2020-01-21,1484.40,1479.12,1491.85,1471.20,2.04M,0.27%
2020-01-22,1485.95,1491.00,1503.21,1484.93,1.61M,0.10%
2020-01-23,1486.65,1487.64,1495.52,1482.10,1.35M,0.05%
2020-01-24,1466.71,1493.59,1495.49,1465.25,1.78M,-1.34%
2020-01-27,1433.90,1431.00,1438.07,1421.20,1.76M,-2.24%
2020-01-28,1452.56,1443.00,1456.00,1432.47,1.58M,1.30%
2020-01-29,1458.63,1458.80,1465.43,1446.74,1.08M,0.42%
2020-01-30,1455.84,1439.96,1457.28,1436.40,1.34M,-0.19%
2020-01-31,1434.23,1468.90,1470.13,1428.53,2.42M,-1.48%
2020-02-03,1485.94,1462.00,1490.00,1458.99,3.06M,3.61%
2020-02-04,1447.07,1457.07,1469.50,1426.30,3.93M,-2.62%
2020-02-05,1448.23,1462.42,1463.84,1430.56,1.99M,0.08%
2020-02-06,1476.23,1450.33,1482.00,1449.57,1.68M,1.93%
2020-02-07,1479.23,1467.30,1485.84,1466.35,1.17M,0.20%
2020-02-10,1508.68,1474.32,1509.50,1474.32,1.42M,1.99%
2020-02-11,1508.79,1511.81,1529.63,1505.64,1.34M,0.01%
2020-02-12,1518.27,1514.48,1520.69,1508.11,1.17M,0.63%
2020-02-13,1514.66,1512.69,1527.18,1504.60,929.73K,-0.24%
2020-02-14,1520.74,1515.60,1520.74,1507.34,1.20M,0.40%
2020-02-18,1519.67,1515.00,1531.63,1512.59,1.12M,-0.07%
2020-02-19,1526.69,1525.07,1532.11,1521.40,949.27K,0.46%
2020-02-20,1518.15,1522.00,1529.64,1506.82,1.10M,-0.56%
2020-02-21,1485.11,1508.03,1512.21,1480.44,1.73M,-2.18%
2020-02-24,1421.59,1426.11,1436.97,1411.39,2.87M,-4.28%
2020-02-25,1388.45,1433.00,1438.14,1382.40,2.48M,-2.33%
2020-02-26,1393.18,1396.14,1415.70,1379.00,2.20M,0.34%
2020-02-27,1318.09,1362.06,1371.70,1317.17,2.98M,-5.39%
2020-02-28,1339.33,1277.50,1341.14,1271.00,3.79M,1.61%
2020-03-02,1389.11,1351.61,1390.87,1326.82,2.43M,3.72%
2020-03-03,1341.39,1399.42,1410.15,1332.00,2.40M,-3.44%
2020-03-04,1386.52,1359.23,1388.09,1343.11,1.91M,3.36%
2020-03-05,1319.04,1350.20,1358.91,1305.10,2.56M,-4.87%
2020-03-06,1298.41,1277.06,1306.22,1261.05,2.66M,-1.56%
2020-03-09,1215.56,1205.30,1254.76,1200.00,3.37M,-6.38%
2020-03-10,1280.39,1260.00,1281.15,1218.77,2.61M,5.33%
2020-03-11,1215.41,1249.70,1260.96,1196.07,2.61M,-5.08%
2020-03-12,1114.91,1126.00,1193.87,1113.30,4.23M,-8.27%
2020-03-13,1219.73,1179.00,1219.76,1117.14,3.70M,9.40%
2020-03-16,1084.33,1096.00,1152.27,1074.44,4.25M,-11.10%
2020-03-17,1119.80,1093.11,1130.86,1056.01,3.86M,3.27%
2020-03-18,1096.80,1055.98,1106.00,1037.28,4.23M,-2.05%
2020-03-19,1115.29,1092.31,1157.36,1060.20,3.65M,1.69%
2020-03-20,1072.32,1135.72,1143.99,1065.49,3.60M,-3.85%
2020-03-23,1056.62,1061.32,1071.32,1013.54,4.04M,-1.46%
2020-03-24,1134.46,1105.12,1134.46,1091.54,3.34M,7.37%
2020-03-25,1102.49,1123.00,1148.19,1086.44,4.08M,-2.82%
2020-03-26,1161.75,1110.02,1169.56,1094.50,3.57M,5.38%
2020-03-27,1110.71,1125.06,1150.43,1106.45,3.21M,-4.39%
2020-03-30,1146.82,1125.04,1151.63,1096.48,2.57M,3.25%
2020-03-31,1162.81,1149.56,1175.00,1139.00,2.49M,1.39%
2020-04-01,1105.62,1122.00,1129.69,1098.00,2.34M,-4.92%
2020-04-02,1120.84,1098.80,1126.57,1096.40,1.96M,1.38%
2020-04-03,1097.88,1121.08,1121.94,1080.00,2.31M,-2.05%
2020-04-06,1186.92,1138.37,1193.65,1132.51,2.66M,8.11%
2020-04-07,1186.51,1223.69,1224.94,1183.07,2.39M,-0.03%
2020-04-08,1210.28,1207.46,1218.74,1189.66,1.98M,2.00%
2020-04-09,1211.45,1224.11,1225.50,1196.86,2.18M,0.10%
